MsgRef,OrderGroup,OrderNo,OrderRef,OrderSeq,ACCode,SCTYCode,stock_name,OrderSide,OrderType,OrderQty,OrderPrice,OrderStatus,OrderTime,donePrice,doneQty,ReducedQty,RejectedQty,outQty,MsgText,AECode,Inputer,Channel,IPAddress,BCAN
3913,INPUT,78239686,78239686,84299010,M9136,3337,安東油田服務,A,E,20000,1.23,O,2025-10-09 09:30:52.050,0,0,0,0,20000,,CK489,CK489,SATS,192.168.3.66,AAG460.1002161
4003,INPUT,78239778,78239778,128755202,M57509,175,吉利汽車,A,E,2000,19.63,F,2025-10-09 09:31:31.510,19.63,2000,0,0,0,,CK489,MCAMS,MCAMS,ATS,AAG460.1052019
4149,INPUT,78239926,78239926,209821953,M57727,358,江西銅業股份,A,E,6000,34.7,F,2025-10-09 09:32:45.270,34.7,6000,0,0,0,,CK489,CK489,SATS,192.168.3.66,AAG460.1006710
4653,INPUT,78240439,78240439,,M57727,358,江西銅業股份,B,E,3000,34.7,X,2025-10-09 09:37:24.237,0,0,0,3000,0,2081 Warning! Price 41 S from nominal. Please check.,CK489,CK489,SATS,192.168.3.66,AAG460.1006710
4669,INPUT,78240456,78240456,501979393,M57727,358,江西銅業股份,B,E,3000,34.7,C,2025-10-09 09:37:34.053,0,0,3000,0,0,,CK489,CK489,SATS,192.168.3.66,AAG460.1006710
4968,INPUT,78240760,78240760,589711875,P88929,2208,金風科技,A,E,10000,15.15,F,2025-10-09 09:40:28.227,15.15,10000,0,0,0,,CK489,CK489,SATS,192.168.3.66,AAG460.1006629
5389,INPUT,78241187,78241187,767964931,M57509,981,中芯國際,A,E,500,89.2,F,2025-10-09 09:44:24.633,89.2,500,0,0,0,,CK489,MCAMS,MCAMS,ATS,AAG460.1052019
5397,INPUT,78241196,78241196,851378945,M57727,358,江西銅業股份,B,E,6000,37.12,C,2025-10-09 09:44:35.153,0,0,6000,0,0,,CK489,CK489,SATS,192.168.3.66,AAG460.1006710
5411,MODIFY,78241210,78241196,857210881,M57727,358,江西銅業股份,B,E,6000,37.2,F,2025-10-09 09:44:43.583,37.2,6000,0,0,0,,CK489,CK489,SATS,192.168.3.66,AAG460.1006710
5427,CANCEL,78241226,78240456,501979393,M57727,358,江西銅業股份,B,E,0,34.7,C,2025-10-09 09:44:52.850,0,0,3000,0,0,,CK489,CK489,SATS,192.168.3.66,NULL
5485,INPUT,78241285,78241285,827226626,M57509,3330,靈寶黃金,B,E,6000,20.9,F,2025-10-09 09:45:31.610,20.9,6000,0,0,0,,CK489,MCAMS,MCAMS,ATS,AAG460.1052019
5615,INPUT,78241419,78241419,957943041,M57509,9988,阿里巴巴－Ｗ,A,E,200,173.3,F,2025-10-09 09:46:49.910,173.3,200,0,0,0,,CK489,MCAMS,MCAMS,ATS,AAG460.1052019
5642,INPUT,78241446,78241446,982059009,M57727,9988,阿里巴巴－Ｗ,A,E,200,173.3,F,2025-10-09 09:47:11.790,173.3,200,0,0,0,,CK489,CK489,SATS,192.168.3.66,AAG460.1006710
6011,INPUT,78241819,78241819,1057630210,M57509,7552,ＸＩ二南方恒科,B,E,20000,1.108,F,2025-10-09 09:51:04.303,1.108,20000,0,0,0,,CK489,MCAMS,MCAMS,ATS,AAG460.1052019
6081,INPUT,78241890,78241890,1228325633,M57727,2259,紫金黃金國際,A,E,700,139.4,F,2025-10-09 09:51:42.367,139.4,700,0,0,0,,CK489,CK489,SATS,192.168.3.66,AAG460.1006710
6546,INPUT,78242364,78242364,1471674625,M57509,2259,紫金黃金國際,B,E,100,138.2,F,2025-10-09 09:56:32.927,138.2,100,0,0,0,,CK489,MCAMS,MCAMS,ATS,AAG460.1052019
6645,INPUT,78242464,78242464,1294774019,M57509,3833,新疆新鑫礦業,A,E,2000,3.64,F,2025-10-09 09:57:25.230,3.64,2000,0,0,0,,CK489,MCAMS,MCAMS,ATS,AAG460.1052019
6723,INPUT,78242546,78242546,,M57727,3898,時代電氣,B,E,500,42,X,2025-10-09 09:58:23.593,0,0,0,500,0,2081 Warning! Price 128 S from nominal. Please check.,CK489,CK489,SATS,192.168.3.66,AAG460.1006710
6771,INPUT,78242595,78242595,1375934210,M57509,7552,ＸＩ二南方恒科,A,E,20000,1.11,F,2025-10-09 09:59:01.893,1.11,20000,0,0,0,,CK489,MCAMS,MCAMS,ATS,AAG460.1052019
6821,INPUT,78242646,78242646,1593132545,M57509,9988,阿里巴巴－Ｗ,B,E,200,173.6,F,2025-10-09 09:59:36.860,173.6,200,0,0,0,,CK489,MCAMS,MCAMS,ATS,AAG460.1052019
6867,INPUT,78242693,78242693,1613835265,M57509,2259,紫金黃金國際,B,E,100,141.8,F,2025-10-09 10:00:09.640,141.8,100,0,0,0,,CK489,MCAMS,MCAMS,ATS,AAG460.1052019
7620,INPUT,78243466,78243466,1950589441,M57727,9858,優然牧業,B,E,10000,3.16,F,2025-10-09 10:10:27.157,3.16,10000,0,0,0,,CK489,CK489,SATS,192.168.3.66,AAG460.1006710
8082,INPUT,78243941,78243941,2183223809,M57509,9988,阿里巴巴－Ｗ,B,E,200,175.8,F,2025-10-09 10:17:53.300,175.8,200,0,0,0,,CK489,MCAMS,MCAMS,ATS,AAG460.1052019
8566,INPUT,78244431,78244431,2385836801,P86128,179,德昌電機控股,A,E,1000,38.68,F,2025-10-09 10:24:51.027,38.68,1000,0,0,0,,CK489,P86128,SATS,42.2.126.211,AAG460.1005162
8759,INPUT,78244628,78244628,2479311617,P86128,179,德昌電機控股,A,E,1000,39,F,2025-10-09 10:27:53.613,39,1000,0,0,0,,CK489,P86128,SATS,42.2.126.211,AAG460.1005162
9233,INPUT,78245109,78245109,2675870465,M57727,358,江西銅業股份,B,E,2000,37.6,C,2025-10-09 10:34:57.873,0,0,2000,0,0,,CK489,CK489,SATS,192.168.3.66,AAG460.1006710
9258,MODIFY,78245134,78245109,2685392641,M57727,358,江西銅業股份,B,E,2000,37.62,F,2025-10-09 10:35:17.583,37.62,2000,0,0,0,,CK489,CK489,SATS,192.168.3.66,AAG460.1006710
9316,INPUT,78245195,78245195,2466744834,P88929,323,馬鞍山鋼鐵股份,B,E,20000,2.74,F,2025-10-09 10:36:07.380,2.74,20000,0,0,0,,CK489,CK489,SATS,192.168.3.66,AAG460.1006629
9849,INPUT,78245738,78245738,,P821331,9992,泡泡瑪特,A,E,200,278,X,2025-10-09 10:43:45.207,0,0,0,200,0,2081 Warning! Price 109 S from nominal. Please check.,CK489,CK489,SATS,192.168.3.66,AAG460.1001276
9858,INPUT,78245747,78245747,,P821331,9992,泡泡瑪特,A,E,200,278,X,2025-10-09 10:43:58.040,0,0,0,200,0,2043 Invalid order price,CK489,CK489,SATS,192.168.3.66,AAG460.1001276
10575,INPUT,78246476,78246476,3062162435,P77197,3320,華潤醫藥,A,E,10000,4.94,C,2025-10-09 10:57:32.620,0,0,10000,0,0,,CK489,CK489,SATS,192.168.3.66,AAG460.1004271
10639,INPUT,78246540,78246540,,P77197,9698,萬國數據－ＳＷ,B,E,1000,36.52,X,2025-10-09 10:58:42.867,0,0,0,1000,0,2081 Warning! Price 35 S from nominal. Please check.,CK489,CK489,SATS,192.168.3.66,AAG460.1004271
10645,INPUT,78246546,78246546,3228355585,P77197,9698,萬國數據－ＳＷ,B,E,1000,36.52,C,2025-10-09 10:58:52.960,0,0,1000,0,0,,CK489,CK489,SATS,192.168.3.66,AAG460.1004271
11284,INPUT,78247195,78247195,3466536707,M57509,981,中芯國際,B,E,500,91.9,F,2025-10-09 11:16:31.473,91.9,500,0,0,0,,CK489,MCAMS,MCAMS,ATS,AAG460.1052019
11307,INPUT,78247218,78247218,3370471938,M57509,3330,靈寶黃金,A,E,5000,20.4,C,2025-10-09 11:16:59.000,0,0,5000,0,0,,CK489,MCAMS,MCAMS,ATS,AAG460.1052019
11331,MODIFY,78247242,78247218,3384422914,M57509,3330,靈寶黃金,A,E,5000,20.7,C,2025-10-09 11:17:37.783,0,0,5000,0,0,,CK489,MCAMS,MCAMS,192.168.15.2,AAG460.1052019
11386,INPUT,78247297,78247297,,M57727,763,中興通訊,B,E,1000,39.2,X,2025-10-09 11:18:44.170,0,0,0,1000,0,2081 Warning! Price 34 S from nominal. Please check.,CK489,CK489,SATS,192.168.3.66,AAG460.1006710
11392,INPUT,78247303,78247303,3512565763,M57727,763,中興通訊,B,E,1000,39.2,C,2025-10-09 11:18:53.547,0,0,1000,0,0,,CK489,CK489,SATS,192.168.3.66,AAG460.1006710
11401,INPUT,78247312,78247312,,M57727,763,中興通訊,B,E,1000,39.2,X,2025-10-09 11:19:10.043,0,0,0,1000,0,2081 Warning! Price 35 S from nominal. Please check.,CK489,CK489,SATS,192.168.3.66,AAG460.1006710
11411,INPUT,78247322,78247322,3521181955,M57727,763,中興通訊,B,E,1000,39.2,C,2025-10-09 11:19:19.883,0,0,1000,0,0,,CK489,CK489,SATS,192.168.3.66,AAG460.1006710
11426,INPUT,78247332,78247332,3527651075,M57509,981,中芯國際,B,E,500,92.05,C,2025-10-09 11:19:29.547,0,0,500,0,0,"Not enough equity! (Available equity: -$4,845)",CK489,MCAMS,MCAMS,ATS,AAG460.1052019
11449,MODIFY,78247360,78247332,3534790915,M57509,981,中芯國際,B,E,500,92.15,F,2025-10-09 11:20:04.870,92.15,500,0,0,0,,CK489,MCAMS,MCAMS,192.168.15.2,AAG460.1052019
11483,MODIFY,78247394,78247218,3445402626,M57509,3330,靈寶黃金,A,E,5000,20.4,F,2025-10-09 11:20:58.077,20.4,5000,0,0,0,,CK489,MCAMS,MCAMS,192.168.15.2,AAG460.1052019
11716,CANCEL,78247628,78247322,3521181955,M57727,763,中興通訊,B,E,0,39.2,C,2025-10-09 11:27:33.097,0,0,1000,0,0,,CK489,CK489,SATS,192.168.3.66,NULL
11746,MODIFY,78247658,78247303,3710114307,M57727,763,中興通訊,B,E,1000,39.1,F,2025-10-09 11:28:32.523,39.1,1000,0,0,0,,CK489,CK489,SATS,192.168.3.66,AAG460.1006710
12344,INPUT,78248267,78248267,4011038721,M57727,358,江西銅業股份,A,E,2000,38.98,C,2025-10-09 11:51:43.777,0,0,2000,0,0,,CK489,CK489,SATS,192.168.3.66,AAG460.1006710
12347,MODIFY,78248270,78248267,4012262145,M57727,358,江西銅業股份,A,E,2000,38.96,F,2025-10-09 11:51:51.570,38.96,2000,0,0,0,,CK489,CK489,SATS,192.168.3.66,AAG460.1006710
12406,INPUT,78248329,78248329,3966908675,M57509,981,中芯國際,A,E,500,91.35,F,2025-10-09 11:55:17.867,91.35,500,0,0,0,,CK489,MCAMS,MCAMS,ATS,AAG460.1052019
12409,INPUT,78248332,78248332,3864875266,P85543,9992,泡泡瑪特,A,E,200,259.6,F,2025-10-09 11:55:24.423,259.6,200,0,0,0,,CK489,CK489,SATS,192.168.3.66,AAG460.1005043
12426,CANCEL,78248350,78246476,3062162435,P77197,3320,華潤醫藥,A,E,0,4.94,C,2025-10-09 11:56:09.097,0,0,10000,0,0,,CK489,CK489,SATS,192.168.3.66,NULL
12436,CANCEL,78248360,78246546,3228355585,P77197,9698,萬國數據－ＳＷ,B,E,0,36.52,C,2025-10-09 11:56:24.757,0,0,1000,0,0,,CK489,CK489,SATS,192.168.3.66,NULL
13094,INPUT,78248851,78248851,4161642499,M57727,1171,兗礦能源,A,E,8000,10.48,C,2025-10-09 13:06:41.653,0,0,8000,0,0,,CK489,CK489,SATS,192.168.3.66,AAG460.1006710
13230,INPUT,78248987,78248987,4228256771,M57727,763,中興通訊,A,E,600,40.92,F,2025-10-09 13:09:36.200,40.92,600,0,0,0,,CK489,CK489,SATS,192.168.3.66,AAG460.1006710
13248,INPUT,78249006,78249006,4133291010,P330489,390,中國中鐵,A,E,1000,4.22,F,2025-10-09 13:10:03.147,4.22,1000,0,0,0,,CK489,MCAMS,MCAMS,ATS,AAG460.1085831
13416,INPUT,78249176,78249176,,M57727,763,中興通訊,B,E,600,39.8,X,2025-10-09 13:14:02.920,0,0,0,600,0,2081 Warning! Price 58 S from nominal. Please check.,CK489,CK489,SATS,192.168.3.66,AAG460.1006710
13476,INPUT,78249236,78249236,,M57727,763,中興通訊,B,E,600,40.1,X,2025-10-09 13:15:32.557,0,0,0,600,0,2081 Warning! Price 35 S from nominal. Please check.,CK489,CK489,SATS,192.168.3.66,AAG460.1006710
13482,INPUT,78249242,78249242,4364800003,M57727,763,中興通訊,B,E,600,40.1,F,2025-10-09 13:15:40.637,40.1,600,0,0,0,,CK489,CK489,SATS,192.168.3.66,AAG460.1006710
13840,INPUT,78249604,78249604,,P821331,9992,泡泡瑪特,A,E,200,278,X,2025-10-09 13:24:52.750,0,0,0,200,0,2081 Warning! Price 90 S from nominal. Please check.,CK489,CK489,SATS,192.168.3.66,AAG460.1001276
13849,INPUT,78249613,78249613,,P821331,9992,泡泡瑪特,A,E,200,278,X,2025-10-09 13:25:01.947,0,0,0,200,0,2043 Invalid order price,CK489,CK489,SATS,192.168.3.66,AAG460.1001276
14436,MODIFY,78250212,78248851,4873673987,M57727,1171,兗礦能源,A,E,8000,10.54,C,2025-10-09 13:40:18.630,0,0,8000,0,0,,CK489,CK489,SATS,192.168.3.66,AAG460.1006710
14462,INPUT,78250240,78250240,,M57727,358,江西銅業股份,A,E,6000,38.9,X,2025-10-09 13:40:52.190,0,0,0,6000,0,2081 Warning! Price 30 S from nominal. Please check.,CK489,CK489,SATS,192.168.3.66,AAG460.1006710
14470,INPUT,78250248,78250248,4877184513,M57727,358,江西銅業股份,A,E,6000,38.9,O,2025-10-09 13:41:05.383,0,0,3000,0,3000,,CK489,CK489,SATS,192.168.3.66,AAG460.1006710
14766,INPUT,78250546,78250546,,M57727,763,中興通訊,A,E,600,40.92,X,2025-10-09 13:47:57.663,0,0,0,600,0,2081 Warning! Price 37 S from nominal. Please check.,CK489,CK489,SATS,192.168.3.66,AAG460.1006710
14774,INPUT,78250554,78250554,5080748291,M57727,763,中興通訊,A,E,600,40.92,C,2025-10-09 13:48:14.880,0,0,600,0,0,,CK489,CK489,SATS,192.168.3.66,AAG460.1006710
14993,INPUT,78250777,78250777,5251529219,M57727,763,中興通訊,B,E,1000,40.1,C,2025-10-09 13:53:24.333,0,0,1000,0,0,,CK489,CK489,SATS,192.168.3.66,AAG460.1006710
15002,MODIFY,78250786,78250777,5255215107,M57727,763,中興通訊,B,E,1000,40.12,F,2025-10-09 13:53:33.657,40.12,1000,0,0,0,,CK489,CK489,SATS,192.168.3.66,AAG460.1006710
15113,CANCEL,78250901,78250212,4873673987,M57727,1171,兗礦能源,A,E,0,10.54,C,2025-10-09 13:56:48.380,0,0,8000,0,0,,CK489,CK489,SATS,192.168.3.66,NULL
15671,INPUT,78251466,78251466,,M57727,358,江西銅業股份,A,E,6000,38.3,X,2025-10-09 14:14:05.410,0,0,0,6000,0,2081 Warning! Price 24 S from nominal. Please check.,CK489,CK489,SATS,192.168.3.66,AAG460.1006710
15682,INPUT,78251477,78251477,5502866689,M57727,358,江西銅業股份,A,E,6000,38.3,C,2025-10-09 14:14:18.443,0,0,6000,0,0,,CK489,CK489,SATS,192.168.3.66,AAG460.1006710
15960,MODIFY,78251760,78251477,5648524033,M57727,358,江西銅業股份,A,E,6000,37.5,C,2025-10-09 14:21:35.987,0,0,6000,0,0,,CK489,CK489,SATS,192.168.3.66,AAG460.1006710
15981,MODIFY,78251781,78251477,5656524289,M57727,358,江西銅業股份,A,E,6000,37.4,C,2025-10-09 14:21:55.983,0,0,6000,0,0,,CK489,CK489,SATS,192.168.3.66,AAG460.1006710
15989,MODIFY,78251789,78251477,5658738689,M57727,358,江西銅業股份,A,E,6000,37.36,C,2025-10-09 14:22:03.643,0,0,6000,0,0,,CK489,CK489,SATS,192.168.3.66,AAG460.1006710
15995,MODIFY,78251795,78251477,5660520193,M57727,358,江西銅業股份,A,E,6000,37.34,C,2025-10-09 14:22:08.457,0,0,6000,0,0,,CK489,CK489,SATS,192.168.3.66,AAG460.1006710
15999,MODIFY,78251799,78251477,5662232833,M57727,358,江西銅業股份,A,E,6000,37.32,F,2025-10-09 14:22:14.783,37.32,6000,0,0,0,,CK489,CK489,SATS,192.168.3.66,AAG460.1006710
16317,CANCEL,78252120,78250554,5080748291,M57727,763,中興通訊,A,E,0,40.92,C,2025-10-09 14:28:39.380,0,0,600,0,0,,CK489,CK489,SATS,192.168.3.66,NULL
16340,INPUT,78252143,78252143,6100751363,M57727,763,中興通訊,A,E,2000,39.8,C,2025-10-09 14:29:10.010,0,0,2000,0,0,,CK489,CK489,SATS,192.168.3.66,AAG460.1006710
16350,MODIFY,78252153,78252143,6103517187,M57727,763,中興通訊,A,E,2000,39.76,C,2025-10-09 14:29:17.560,0,0,2000,0,0,,CK489,CK489,SATS,192.168.3.66,AAG460.1006710
16357,MODIFY,78252160,78252143,6105678083,M57727,763,中興通訊,A,E,2000,39.68,C,2025-10-09 14:29:23.767,0,0,2000,0,0,,CK489,CK489,SATS,192.168.3.66,AAG460.1006710
16372,MODIFY,78252175,78252143,6111549443,M57727,763,中興通訊,A,E,2000,39.62,F,2025-10-09 14:29:41.797,39.62,2000,0,0,0,,CK489,CK489,SATS,192.168.3.66,AAG460.1006710
16442,INPUT,78252248,78252248,,M57727,763,中興通訊,B,E,1000,38.7,X,2025-10-09 14:31:36.940,0,0,0,1000,0,2081 Warning! Price 47 S from nominal. Please check.,CK489,CK489,SATS,192.168.3.66,AAG460.1006710
16451,INPUT,78252256,78252256,6175534083,M57727,763,中興通訊,B,E,1000,38.7,O,2025-10-09 14:31:47.390,0,0,0,0,1000,,CK489,CK489,SATS,192.168.3.66,AAG460.1006710
16518,INPUT,78252323,78252323,5976673281,M57727,358,江西銅業股份,B,E,3000,37.66,C,2025-10-09 14:33:51.507,0,0,3000,0,0,,CK489,CK489,SATS,192.168.3.66,AAG460.1006710
16536,MODIFY,78252343,78252323,5990994945,M57727,358,江西銅業股份,B,E,3000,37.74,C,2025-10-09 14:34:32.000,0,0,3000,0,0,,CK489,CK489,SATS,192.168.3.66,AAG460.1006710
16542,MODIFY,78252349,78252323,5992939009,M57727,358,江西銅業股份,B,E,3000,37.76,C,2025-10-09 14:34:37.463,0,0,3000,0,0,,CK489,CK489,SATS,192.168.3.66,AAG460.1006710
16555,MODIFY,78252364,78252323,5999480065,M57727,358,江西銅業股份,B,E,3000,37.78,F,2025-10-09 14:34:52.090,37.78,3000,0,0,0,,CK489,CK489,SATS,192.168.3.66,AAG460.1006710
16608,INPUT,78252419,78252419,6282085635,M57727,857,中國石油股份,A,E,10000,7.28,F,2025-10-09 14:36:02.820,7.28,10000,0,0,0,,CK489,CK489,SATS,192.168.3.66,AAG460.1006710
16651,INPUT,78252465,78252465,6046247425,M57727,6823,香港電訊－ＳＳ,B,E,10000,11.52,O,2025-10-09 14:37:06.983,0,0,0,0,10000,,CK489,GTC,SATS.NET,192.168.15.2,AAG460.1006710
17214,INPUT,78253040,78253040,6288379650,M57727,3988,中國銀行,B,E,10000,4.16,O,2025-10-09 14:52:14.870,0,0,0,0,10000,,CK489,GTC,SATS.NET,192.168.15.2,AAG460.1006710
17448,INPUT,78253279,78253279,6399140866,P821331,9992,泡泡瑪特,A,E,200,262.6,F,2025-10-09 14:58:34.563,262.6,200,0,0,0,,CK489,CK489,SATS,192.168.3.66,AAG460.1001276
18531,CANCEL,78254380,78250248,4877184513,M57727,358,江西銅業股份,A,E,3000,38.9,C,2025-10-09 15:32:37.360,0,0,3000,0,0,,CK489,CK489,SATS,192.168.3.66,NULL
18684,INPUT,78254538,78254538,7192590083,P77197,3320,華潤醫藥,A,E,10000,4.95,F,2025-10-09 15:36:35.903,4.95,10000,0,0,0,,CK489,CK489,SATS,192.168.3.66,AAG460.1004271
18692,INPUT,78254546,78254546,6908165121,P77197,9988,阿里巴巴－Ｗ,B,E,200,173.4,F,2025-10-09 15:36:49.560,173.4,200,0,0,0,,CK489,CK489,SATS,192.168.3.66,AAG460.1004271
18724,INPUT,78254579,78254579,6910532610,P77240,386,中國石油化工股份,A,E,10000,4.12,O,2025-10-09 15:37:50.117,0,0,0,0,10000,,CK489,CK489,SATS,192.168.3.66,AAG460.1008862
19360,INPUT,78255225,78255225,7407457027,M57509,981,中芯國際,A,E,500,83.65,F,2025-10-09 15:55:22.567,83.65,500,0,0,0,,CK489,MCAMS,MCAMS,ATS,AAG460.1052019
19423,INPUT,78255289,78255289,7154709505,M57509,9988,阿里巴巴－Ｗ,A,E,200,172.6,F,2025-10-09 15:56:21.973,172.6,200,0,0,0,,CK489,MCAMS,MCAMS,ATS,AAG460.1052019
4068,INPUT,78262338,78262338,17147393,M57727,6823,香港電訊－ＳＳ,B,I,10000,11.52,O,2025-10-10 09:04:43.500,0,0,0,0,10000,,CK489,GTC,SATS.NET,192.168.15.2,AAG460.1006710
4073,INPUT,78262343,78262343,17934594,M57727,3988,中國銀行,B,I,10000,4.16,O,2025-10-10 09:04:44.213,0,0,0,0,10000,,CK489,GTC,SATS.NET,192.168.15.2,AAG460.1006710
4124,INPUT,78262394,78262394,,P87822,1357,美圖公司,A,I,10000,11.2,X,2025-10-10 09:04:51.427,0,0,0,10000,0,2612 Order rejected due to auction price limits,CK489,GTC,SATS.NET,192.168.15.2,AAG460.1010399
4626,INPUT,78262902,78262902,25895171,M9136,11,恒生銀行,B,I,500,149.8,F,2025-10-10 09:15:08.567,149.8,500,0,0,0,,CK489,CK489,SATS,192.168.3.66,AAG460.1002161
5386,INPUT,78263651,78263651,139584514,M57509,358,江西銅業股份,B,E,1000,38,F,2025-10-10 09:31:47.920,38,1000,0,0,0,,CK489,MCAMS,MCAMS,ATS,AAG460.1052019
5452,INPUT,78263719,78263719,168634883,M57509,1053,重慶鋼鐵股份,B,E,10000,1.5,F,2025-10-10 09:32:13.490,1.5,10000,0,0,0,,CK489,MCAMS,MCAMS,ATS,AAG460.1052019
5597,INPUT,78263865,78263865,,M9136,5,匯豐控股,A,E,1600,105.25,X,2025-10-10 09:33:05.090,0,0,0,1600,0,7073 Invalid price tick,CK489,CK489,SATS,192.168.3.66,AAG460.1002161
5670,INPUT,78263938,78263938,,M9136,5,匯豐控股,A,E,800,105.3,X,2025-10-10 09:33:30.373,0,0,0,800,0,2081 Warning! Price 22 S from nominal. Please check.,CK489,CK489,SATS,192.168.3.66,AAG460.1002161
5690,INPUT,78263958,78263958,232766722,M9136,5,匯豐控股,A,E,800,105.3,O,2025-10-10 09:33:37.797,0,0,0,0,800,,CK489,CK489,SATS,192.168.3.66,AAG460.1002161
5746,INPUT,78264016,78264016,253608706,M57509,358,江西銅業股份,B,E,2000,38.36,F,2025-10-10 09:34:02.783,38.36,2000,0,0,0,,CK489,MCAMS,MCAMS,ATS,AAG460.1052019
5938,INPUT,78264209,78264209,314320898,M57727,1171,兗礦能源,A,E,8000,10.48,F,2025-10-10 09:35:22.887,10.48,8000,0,0,0,,CK489,CK489,SATS,192.168.3.66,AAG460.1006710
6120,INPUT,78264394,78264394,369868034,M57727,358,江西銅業股份,A,E,2000,38.4,F,2025-10-10 09:36:37.770,38.4,2000,0,0,0,,CK489,CK489,SATS,192.168.3.66,AAG460.1006710
6491,INPUT,78264769,78264769,504557314,M57509,358,江西銅業股份,A,E,2000,39.18,F,2025-10-10 09:39:41.560,39.18,2000,0,0,0,,CK489,MCAMS,MCAMS,ATS,AAG460.1052019
6569,INPUT,78264849,78264849,,M57727,358,江西銅業股份,A,E,2000,39.6,X,2025-10-10 09:40:24.840,0,0,0,2000,0,2081 Warning! Price 50 S from nominal. Please check.,CK489,CK489,SATS,192.168.3.66,AAG460.1006710
6590,INPUT,78264870,78264870,547445250,M57727,358,江西銅業股份,A,E,2000,39.6,C,2025-10-10 09:40:33.787,0,0,2000,0,0,,CK489,CK489,SATS,192.168.3.66,AAG460.1006710
6687,INPUT,78264967,78264967,583926530,M57727,358,江西銅業股份,A,E,1000,38.42,C,2025-10-10 09:41:17.677,0,0,1000,0,0,,CK489,CK489,SATS,192.168.3.66,AAG460.1006710
7125,INPUT,78265410,78265410,777242369,P77751,9698,萬國數據－ＳＷ,A,E,1000,37.08,F,2025-10-10 09:45:34.573,37.08,1000,0,0,0,,CK489,CK489,SATS,192.168.3.66,AAG460.1006540
7215,INPUT,78265501,78265501,809402882,M57509,358,江西銅業股份,A,E,1000,37.8,F,2025-10-10 09:46:24.450,37.8,1000,0,0,0,,CK489,MCAMS,MCAMS,ATS,AAG460.1052019
7236,INPUT,78265523,78265523,814450434,M57727,358,江西銅業股份,A,E,4000,37.8,C,2025-10-10 09:46:32.347,0,0,4000,0,0,,CK489,CK489,SATS,192.168.3.66,AAG460.1006710
7256,MODIFY,78265543,78265523,820119042,M57727,358,江西銅業股份,A,E,4000,37.74,C,2025-10-10 09:46:40.307,0,0,4000,0,0,,CK489,CK489,SATS,192.168.3.66,AAG460.1006710
7265,MODIFY,78265552,78265523,823481090,M57727,358,江西銅業股份,A,E,4000,37.72,F,2025-10-10 09:46:45.087,37.72,4000,0,0,0,,CK489,CK489,SATS,192.168.3.66,AAG460.1006710
7301,CANCEL,78265588,78264967,583926530,M57727,358,江西銅業股份,A,E,0,38.42,C,2025-10-10 09:47:04.563,0,0,1000,0,0,,CK489,CK489,SATS,192.168.3.66,NULL
7310,CANCEL,78265597,78264870,547445250,M57727,358,江西銅業股份,A,E,0,39.6,C,2025-10-10 09:47:06.757,0,0,2000,0,0,,CK489,CK489,SATS,192.168.3.66,NULL
7338,INPUT,78265625,78265625,847891714,M57727,358,江西銅業股份,A,E,3000,38,F,2025-10-10 09:47:19.917,38,3000,0,0,0,,CK489,CK489,SATS,192.168.3.66,AAG460.1006710
7503,INPUT,78265794,78265794,991019779,M57727,939,建設銀行,B,E,20000,7.33,C,2025-10-10 09:48:56.060,0,0,20000,0,0,,CK489,CK489,SATS,192.168.3.66,AAG460.1006710
7545,INPUT,78265837,78265837,1010475011,M57727,1810,小米集團－Ｗ,A,E,2400,52.2,F,2025-10-10 09:49:22.140,52.2,2400,0,0,0,,CK489,CK489,SATS,192.168.3.66,AAG460.1006710
7555,MODIFY,78265848,78265794,1015432707,M57727,939,建設銀行,B,E,20000,7.34,F,2025-10-10 09:49:29.133,7.34,20000,0,0,0,,CK489,CK489,SATS,192.168.3.66,AAG460.1006710
8038,INPUT,78266345,78266345,1107432706,M57727,1171,兗礦能源,B,E,10000,10.54,C,2025-10-10 09:54:29.550,0,0,10000,0,0,,CK489,CK489,SATS,192.168.3.66,AAG460.1006710
8050,MODIFY,78266357,78266345,1111616514,M57727,1171,兗礦能源,B,E,10000,10.55,C,2025-10-10 09:54:36.190,0,0,10000,0,0,,CK489,CK489,SATS,192.168.3.66,AAG460.1006710
8057,MODIFY,78266364,78266345,1113470722,M57727,1171,兗礦能源,B,E,10000,10.56,F,2025-10-10 09:54:39.547,10.56,10000,0,0,0,,CK489,CK489,SATS,192.168.3.66,AAG460.1006710
8299,INPUT,78266610,78266610,1219286018,M57727,358,江西銅業股份,B,E,6000,38.5,C,2025-10-10 09:57:36.003,0,0,6000,0,0,,CK489,CK489,SATS,192.168.3.66,AAG460.1006710
8309,MODIFY,78266620,78266610,1223264002,M57727,358,江西銅業股份,B,E,6000,38.58,F,2025-10-10 09:57:43.723,38.58,6000,0,0,0,,CK489,CK489,SATS,192.168.3.66,AAG460.1006710
8469,INPUT,78266782,78266782,,P85543,1810,小米集團－Ｗ,B,E,600,51.05,X,2025-10-10 10:00:00.543,0,0,0,600,0,2081 Warning! Price 23 S from nominal. Please check.,CK489,CK489,SATS,192.168.3.66,AAG460.1005043
8483,INPUT,78266796,78266796,1398543619,P85543,1810,小米集團－Ｗ,B,E,600,51.05,O,2025-10-10 10:00:10.817,0,0,0,0,600,,CK489,CK489,SATS,192.168.3.66,AAG460.1005043
8877,INPUT,78267196,78267196,1495035906,P77751,2302,中核國際,B,E,10000,6.83,F,2025-10-10 10:05:42.690,6.83,10000,0,0,0,,CK489,CK489,SATS,192.168.3.66,AAG460.1006540
9209,INPUT,78267535,78267535,1652188930,M57727,1171,兗礦能源,B,E,10000,10.59,C,2025-10-10 10:10:35.890,0,0,10000,0,0,,CK489,CK489,SATS,192.168.3.66,AAG460.1006710
9220,MODIFY,78267547,78267535,1657170946,M57727,1171,兗礦能源,B,E,10000,10.6,F,2025-10-10 10:10:46.097,10.6,10000,0,0,0,,CK489,CK489,SATS,192.168.3.66,AAG460.1006710
9310,INPUT,78267641,78267641,,M57727,358,江西銅業股份,A,E,6000,39.8,X,2025-10-10 10:12:08.170,0,0,0,6000,0,2081 Warning! Price 78 S from nominal. Please check.,CK489,CK489,SATS,192.168.3.66,AAG460.1006710
9330,INPUT,78267661,78267661,1705000194,M57727,358,江西銅業股份,A,E,6000,39.8,C,2025-10-10 10:12:20.150,0,0,6000,0,0,,CK489,CK489,SATS,192.168.3.66,AAG460.1006710
9370,INPUT,78267701,78267701,,M57727,358,江西銅業股份,B,E,2000,37.5,X,2025-10-10 10:12:53.373,0,0,0,2000,0,2081 Warning! Price 59 S from nominal. Please check.,CK489,CK489,SATS,192.168.3.66,AAG460.1006710
9385,INPUT,78267716,78267716,1725996546,M57727,358,江西銅業股份,B,E,2000,37.5,F,2025-10-10 10:13:02.770,37.5,2000,0,0,0,,CK489,CK489,SATS,192.168.3.66,AAG460.1006710
9965,MODIFY,78268308,78267661,2000003330,M57727,358,江西銅業股份,A,E,6000,38.8,C,2025-10-10 10:22:32.650,0,0,6000,0,0,,CK489,CK489,SATS,192.168.3.66,AAG460.1006710
10035,INPUT,78268378,78268378,2034092034,M57727,1171,兗礦能源,B,E,10000,10.56,F,2025-10-10 10:23:51.530,10.56,10000,0,0,0,,CK489,CK489,SATS,192.168.3.66,AAG460.1006710
10394,MODIFY,78268747,78267661,2199311106,M57727,358,江西銅業股份,A,E,6000,38,C,2025-10-10 10:30:22.230,0,0,6000,0,0,,CK489,CK489,SATS,192.168.3.66,AAG460.1006710
10404,MODIFY,78268758,78267661,2204234754,M57727,358,江西銅業股份,A,E,6000,37.98,F,2025-10-10 10:30:35.270,37.98,6000,0,0,0,,CK489,CK489,SATS,192.168.3.66,AAG460.1006710
10641,INPUT,78269001,78269001,,M57727,763,中興通訊,B,E,1000,42.8,X,2025-10-10 10:36:01.210,0,0,0,1000,0,2081 Warning! Price 38 S from nominal. Please check.,CK489,CK489,SATS,192.168.3.66,AAG460.1006710
10654,INPUT,78269014,78269014,2291638017,M57727,763,中興通訊,B,E,1000,42.8,C,2025-10-10 10:36:11.810,0,0,1000,0,0,,CK489,CK489,SATS,192.168.3.66,AAG460.1006710
10904,INPUT,78269271,78269271,,M57727,9858,優然牧業,A,E,10000,3.5,X,2025-10-10 10:42:21.887,0,0,0,10000,0,2081 Warning! Price 39 S from nominal. Please check.,CK489,CK489,SATS,192.168.3.66,AAG460.1006710
10908,INPUT,78269275,78269275,,M57727,9858,優然牧業,A,E,10000,3.5,X,2025-10-10 10:42:27.043,0,0,0,10000,0,2043 Invalid order price,CK489,CK489,SATS,192.168.3.66,AAG460.1006710
10936,INPUT,78269303,78269303,,M57727,9858,優然牧業,A,E,10000,3.5,X,2025-10-10 10:43:02.923,0,0,0,10000,0,2043 Invalid order price,CK489,CK489,SATS,192.168.3.66,AAG460.1006710
11142,INPUT,78269511,78269511,2596034818,M57727,1171,兗礦能源,B,E,10000,10.56,F,2025-10-10 10:48:51.057,10.56,10000,0,0,0,,CK489,CK489,SATS,192.168.3.66,AAG460.1006710
11160,INPUT,78269529,78269529,2605761282,P77240,1919,中遠海控,A,E,10000,12.04,F,2025-10-10 10:49:22.410,12.04,10000,0,0,0,,CK489,CK489,SATS,192.168.3.66,AAG460.1008862
11178,INPUT,78269547,78269547,2613538818,P77240,386,中國石油化工股份,A,E,10000,4.13,O,2025-10-10 10:49:47.823,0,0,0,0,10000,,CK489,CK489,SATS,192.168.3.66,AAG460.1008862
11683,INPUT,78270074,78270074,,M57727,358,江西銅業股份,A,E,2000,38.2,X,2025-10-10 11:04:07.427,0,0,0,2000,0,2081 Warning! Price 39 S from nominal. Please check.,CK489,CK489,SATS,192.168.3.66,AAG460.1006710
11690,INPUT,78270081,78270081,2867162626,M57727,358,江西銅業股份,A,E,2000,38.2,C,2025-10-10 11:04:17.147,0,0,2000,0,0,,CK489,CK489,SATS,192.168.3.66,AAG460.1006710
11753,INPUT,78270146,78270146,2890225154,M57727,1171,兗礦能源,A,E,10000,10.75,O,2025-10-10 11:05:35.273,0,0,0,0,10000,,CK489,CK489,SATS,192.168.3.66,AAG460.1006710
12062,MODIFY,78270462,78270081,3032136194,M57727,358,江西銅業股份,A,E,2000,37.9,C,2025-10-10 11:13:33.023,0,0,2000,0,0,,CK489,CK489,SATS,192.168.3.66,AAG460.1006710
12338,MODIFY,78270745,78269014,3037868033,M57727,763,中興通訊,B,E,1000,42.72,C,2025-10-10 11:20:00.650,0,0,1000,0,0,,CK489,CK489,SATS,192.168.3.66,AAG460.1006710
12347,MODIFY,78270754,78269014,3040810241,M57727,763,中興通訊,B,E,1000,42.56,C,2025-10-10 11:20:12.783,0,0,1000,0,0,,CK489,CK489,SATS,192.168.3.66,AAG460.1006710
12384,CANCEL,78270791,78270754,3040810241,M57727,763,中興通訊,B,E,0,42.56,C,2025-10-10 11:21:06.293,0,0,1000,0,0,,CK489,CK489,SATS,192.168.3.66,NULL
12639,INPUT,78271055,78271055,3494157315,M57727,939,建設銀行,B,E,10000,7.3,O,2025-10-10 11:27:46.237,0,0,0,0,10000,,CK489,CK489,SATS,192.168.3.66,AAG460.1006710
13416,INPUT,78271852,78271852,3760383491,P3428,2525,禾賽－Ｗ,A,E,20,192.3,F,2025-10-10 11:53:25.097,192.3,20,0,0,0,,CK489,CK489,SATS,192.168.3.66,AAG460.1005611
14692,MODIFY,78272980,78270081,4014261250,M57727,358,江西銅業股份,A,E,2000,37.4,C,2025-10-10 13:21:54.103,0,0,2000,0,0,,CK489,CK489,SATS,192.168.3.66,AAG460.1006710
15626,INPUT,78273929,78273929,,M57727,981,中芯國際,B,E,2000,76.6,X,2025-10-10 13:51:01.240,0,0,0,2000,0,2081 Warning! Price 32 S from nominal. Please check.,CK489,CK489,SATS,192.168.3.66,AAG460.1006710
15631,INPUT,78273934,78273934,4446771970,M57727,981,中芯國際,B,E,2000,76.6,O,2025-10-10 13:51:12.850,0,0,0,0,2000,,CK489,CK489,SATS,192.168.3.66,AAG460.1006710
16235,CANCEL,78274549,78272980,4014261250,M57727,358,江西銅業股份,A,E,0,37.4,C,2025-10-10 14:10:25.353,0,0,2000,0,0,,CK489,CK489,SATS,192.168.3.66,NULL
16241,INPUT,78274556,78274556,4739116802,M57727,358,江西銅業股份,A,E,2000,35.96,C,2025-10-10 14:10:37.063,0,0,2000,0,0,,CK489,CK489,SATS,192.168.3.66,AAG460.1006710
16246,MODIFY,78274561,78274556,4740558082,M57727,358,江西銅業股份,A,E,2000,35.94,C,2025-10-10 14:10:43.383,35.94,1000,1000,0,0,,CK489,CK489,SATS,192.168.3.66,AAG460.1006710
16270,MODIFY,78274586,78274556,4746438402,M57727,358,江西銅業股份,A,E,1000,35.9,C,2025-10-10 14:11:13.870,0,0,1000,0,0,,CK489,CK489,SATS,192.168.3.66,AAG460.1006710
16277,MODIFY,78274593,78274556,4748281090,M57727,358,江西銅業股份,A,E,1000,35.86,C,2025-10-10 14:11:23.287,0,0,1000,0,0,,CK489,CK489,SATS,192.168.3.66,AAG460.1006710
16281,MODIFY,78274596,78274556,4750934786,M57727,358,江西銅業股份,A,E,1000,35.8,F,2025-10-10 14:11:30.557,35.8,1000,0,0,0,,CK489,CK489,SATS,192.168.3.66,AAG460.1006710
16331,INPUT,78274646,78274646,5077613571,P397028,1113,長實集團,B,E,1000,38.64,F,2025-10-10 14:12:43.877,38.64,1000,0,0,0,,CK489,P3CAMS_GMO,P3CAMS_GMO,192.168.15.2,AAG460.1125226
16417,INPUT,78274732,78274732,,M57727,11,恒生銀行,B,E,1000,148,X,2025-10-10 14:16:02.563,0,0,0,1000,0,2081 Warning! Price 22 S from nominal. Please check.,CK489,CK489,SATS,192.168.3.66,AAG460.1006710
16423,INPUT,78274738,78274738,5134046467,M57727,11,恒生銀行,B,E,1000,148,O,2025-10-10 14:16:12.277,0,0,0,0,1000,,CK489,CK489,SATS,192.168.3.66,AAG460.1006710
16781,INPUT,78275101,78275101,,P77197,1478,丘鈦科技,B,E,1000,15.5,X,2025-10-10 14:24:07.880,0,0,0,1000,0,2081 Warning! Price 50 S from nominal. Please check.,CK489,CK489,SATS,192.168.3.66,AAG460.1004271
16790,INPUT,78275110,78275110,5273735427,P77197,1478,丘鈦科技,B,E,1000,15.5,C,2025-10-10 14:24:24.213,0,0,1000,0,0,,CK489,CK489,SATS,192.168.3.66,AAG460.1004271
18504,MODIFY,78276845,78275110,5973177347,P77197,1478,丘鈦科技,B,E,1000,15.82,O,2025-10-10 15:07:42.723,0,0,0,0,1000,,CK489,CK489,SATS,192.168.3.66,AAG460.1004271
3022,INPUT,78282162,78282162,25817602,M57509,1053,重慶鋼鐵股份,A,A,10000,0,F,2025-10-13 09:16:09.380,1.42,10000,0,0,0,,CK489,MCAMS,MCAMS,ATS,AAG460.1052019
3115,INPUT,78282258,78282258,31124225,M57509,9988,阿里巴巴－Ｗ,A,I,300,158.8,F,2025-10-13 09:17:29.423,159,300,0,0,0,,CK489,MCAMS,MCAMS,ATS,AAG460.1052019
3268,INPUT,78282421,78282421,32750081,M57509,3330,靈寶黃金,A,A,1000,0,F,2025-10-13 09:19:25.247,19.1,1000,0,0,0,,CK489,MCAMS,MCAMS,ATS,AAG460.1052019
3305,INPUT,78282459,78282459,33174017,M57509,1072,東方電氣,A,A,200,0,F,2025-10-13 09:19:45.650,18.3,200,0,0,0,,CK489,MCAMS,MCAMS,ATS,AAG460.1052019
3980,INPUT,78283143,78283143,118580995,M57509,2259,紫金黃金國際,A,E,200,140,C,2025-10-13 09:31:15.933,0,0,200,0,0,,CK489,MCAMS,MCAMS,ATS,AAG460.1052019
4127,MODIFY,78283298,78283143,160598531,M57509,2259,紫金黃金國際,A,E,200,138.2,F,2025-10-13 09:31:56.530,138.2,200,0,0,0,,CK489,MCAMS,MCAMS,192.168.15.2,AAG460.1052019
4232,INPUT,78283404,78283404,187065859,P85543,1810,小米集團－Ｗ,B,E,1000,50.4,F,2025-10-13 09:32:23.130,50.4,1000,0,0,0,,CK489,CK489,SATS,192.168.3.66,AAG460.1005043
4638,INPUT,78283829,78283829,311187203,M57727,981,中芯國際,B,E,2000,80.95,C,2025-10-13 09:34:25.690,0,0,2000,0,0,,CK489,CK489,SATS,192.168.3.66,AAG460.1006710
4666,MODIFY,78283857,78283829,317875715,M57727,981,中芯國際,B,E,2000,81.2,F,2025-10-13 09:34:32.617,81.2,2000,0,0,0,,CK489,CK489,SATS,192.168.3.66,AAG460.1006710
4826,INPUT,78284028,78284028,377429507,P821331,2318,中國平安,B,E,1000,52.15,F,2025-10-13 09:35:28.800,52.15,1000,0,0,0,,CK489,CK489,SATS,192.168.3.66,AAG460.1001276
5419,INPUT,78284649,78284649,658935041,M57509,7552,ＸＩ二南方恒科,B,E,50000,1.22,F,2025-10-13 09:39:38.253,1.22,50000,0,0,0,,CK489,MCAMS,MCAMS,ATS,AAG460.1052019
6606,INPUT,78285895,78285895,1213800449,M57509,7552,ＸＩ二南方恒科,B,E,30000,1.202,F,2025-10-13 09:49:58.770,1.202,30000,0,0,0,,CK489,MCAMS,MCAMS,ATS,AAG460.1052019
7045,INPUT,78286341,78286341,1445478401,M57509,7552,ＸＩ二南方恒科,B,E,20000,1.208,C,2025-10-13 09:54:49.130,0,0,20000,0,0,,CK489,MCAMS,MCAMS,ATS,AAG460.1052019
7180,MODIFY,78286476,78286341,1498314241,M57509,7552,ＸＩ二南方恒科,B,E,20000,1.214,C,2025-10-13 09:56:10.340,0,0,20000,0,0,,CK489,MCAMS,MCAMS,192.168.15.2,AAG460.1052019
7186,INPUT,78286482,78286482,,M57727,981,中芯國際,A,E,2000,81.2,X,2025-10-13 09:56:13.580,0,0,0,2000,0,2081 Warning! Price 36 S from nominal. Please check.,CK489,CK489,SATS,192.168.3.66,AAG460.1006710
7194,INPUT,78286490,78286490,1420335107,M57727,981,中芯國際,A,E,2000,81.2,C,2025-10-13 09:56:21.313,0,0,2000,0,0,,CK489,CK489,SATS,192.168.3.66,AAG460.1006710
7234,MODIFY,78286531,78286341,1524882945,M57509,7552,ＸＩ二南方恒科,B,E,20000,1.218,F,2025-10-13 09:56:48.990,1.218,20000,0,0,0,,CK489,MCAMS,MCAMS,192.168.15.2,AAG460.1052019
8175,INPUT,78287490,78287490,2050392577,M57509,7552,ＸＩ二南方恒科,A,E,80000,1.234,C,2025-10-13 10:09:38.800,0,0,80000,0,0,,CK489,MCAMS,MCAMS,ATS,AAG460.1052019
8215,MODIFY,78287530,78287490,2074876161,M57509,7552,ＸＩ二南方恒科,A,E,80000,1.232,F,2025-10-13 10:10:15.707,1.232,80000,0,0,0,,CK489,MCAMS,MCAMS,192.168.15.2,AAG460.1052019
8258,INPUT,78287576,78287576,2097869569,M57509,7552,ＸＩ二南方恒科,A,E,20000,1.232,F,2025-10-13 10:10:51.870,1.232,20000,0,0,0,,CK489,MCAMS,MCAMS,ATS,AAG460.1052019
8793,CANCEL,78288136,78286490,1420335107,M57727,981,中芯國際,A,E,0,81.2,C,2025-10-13 10:19:42.997,0,0,2000,0,0,,CK489,CK489,SATS,192.168.3.66,NULL
8824,INPUT,78288168,78288168,2268259843,M57727,981,中芯國際,A,E,2000,81.2,C,2025-10-13 10:20:17.743,0,0,2000,0,0,,CK489,CK489,SATS,192.168.3.66,AAG460.1006710
8924,MODIFY,78288272,78288168,2311597315,M57727,981,中芯國際,A,E,2000,81.45,C,2025-10-13 10:22:00.040,0,0,2000,0,0,,CK489,CK489,SATS,192.168.3.66,AAG460.1006710
9492,INPUT,78288868,78288868,2648987139,P77751,1164,中廣核礦業,B,E,10000,3.8,C,2025-10-13 10:34:47.570,0,0,10000,0,0,,CK489,CK489,SATS,192.168.3.66,AAG460.1006540
9503,MODIFY,78288878,78288868,2652661251,P77751,1164,中廣核礦業,B,E,10000,3.81,C,2025-10-13 10:34:59.310,0,0,10000,0,0,,CK489,CK489,SATS,192.168.3.66,AAG460.1006540
9506,MODIFY,78288881,78288868,2655158787,P77751,1164,中廣核礦業,B,E,10000,3.82,F,2025-10-13 10:35:05.323,3.82,10000,0,0,0,,CK489,CK489,SATS,192.168.3.66,AAG460.1006540
9603,MODIFY,78288980,78288168,2714233603,M57727,981,中芯國際,A,E,1000,80.95,C,2025-10-13 10:37:17.397,0,0,1000,0,0,,CK489,CK489,SATS,192.168.3.66,AAG460.1006710
9706,INPUT,78289085,78289085,2780011779,M57727,981,中芯國際,A,E,1000,80.5,C,2025-10-13 10:39:56.727,0,0,1000,0,0,,CK489,CK489,SATS,192.168.3.66,AAG460.1006710
9724,MODIFY,78289104,78288168,2786880259,M57727,981,中芯國際,A,E,1000,80.7,C,2025-10-13 10:40:13.977,0,0,1000,0,0,,CK489,CK489,SATS,192.168.3.66,AAG460.1006710
10010,INPUT,78289404,78289404,3161416961,M57727,939,建設銀行,B,E,10000,7.38,F,2025-10-13 10:47:46.867,7.38,10000,0,0,0,,CK489,CK489,SATS,192.168.3.66,AAG460.1006710
10132,INPUT,78289528,78289528,3179836674,M57727,9858,優然牧業,A,E,10000,3.15,F,2025-10-13 10:50:24.750,3.15,10000,0,0,0,,CK489,CK489,SATS,192.168.3.66,AAG460.1006710
10220,MODIFY,78289621,78288168,3052911107,M57727,981,中芯國際,A,E,1000,80.4,C,2025-10-13 10:52:08.347,0,0,1000,0,0,,CK489,CK489,SATS,192.168.3.66,AAG460.1006710
10590,INPUT,78289994,78289994,3341634562,M57727,9858,優然牧業,B,E,10000,3.02,C,2025-10-13 10:58:16.020,0,0,10000,0,0,,CK489,CK489,SATS,192.168.3.66,AAG460.1006710
10603,CANCEL,78290008,78289994,3341634562,M57727,9858,優然牧業,B,E,0,3.02,C,2025-10-13 10:58:38.740,0,0,10000,0,0,,CK489,CK489,SATS,192.168.3.66,NULL
10850,INPUT,78290260,78290260,,P77197,1478,丘鈦科技,B,E,1000,14.52,X,2025-10-13 11:05:55.053,0,0,0,1000,0,2081 Warning! Price 59 S from nominal. Please check.,CK489,CK489,SATS,192.168.3.66,AAG460.1004271
10852,INPUT,78290263,78290263,3492006146,P77197,1478,丘鈦科技,B,E,1000,14.52,F,2025-10-13 11:06:07.320,14.52,1000,0,0,0,,CK489,CK489,SATS,192.168.3.66,AAG460.1004271
11470,INPUT,78290894,78290894,3801162754,P77240,386,中國石油化工股份,A,E,10000,4.08,F,2025-10-13 11:22:59.710,4.08,10000,0,0,0,,CK489,CK489,SATS,192.168.3.66,AAG460.1008862
12445,INPUT,78291894,78291894,4366443009,M57727,939,建設銀行,A,E,15000,7.4,O,2025-10-13 11:42:03.027,0,0,0,0,15000,,CK489,CK489,SATS,192.168.3.66,AAG460.1006710
12707,CANCEL,78292169,78289621,3052911107,M57727,981,中芯國際,A,E,0,80.4,C,2025-10-13 11:48:20.667,0,0,1000,0,0,,CK489,CK489,SATS,192.168.3.66,NULL
12710,CANCEL,78292172,78289085,2780011779,M57727,981,中芯國際,A,E,0,80.5,C,2025-10-13 11:48:24.300,0,0,1000,0,0,,CK489,CK489,SATS,192.168.3.66,NULL
12716,INPUT,78292178,78292178,4352242947,M57727,981,中芯國際,A,E,2000,77.35,C,2025-10-13 11:48:32.267,0,0,2000,0,0,,CK489,CK489,SATS,192.168.3.66,AAG460.1006710
12728,MODIFY,78292191,78292178,4358118403,M57727,981,中芯國際,A,E,2000,77.3,C,2025-10-13 11:48:49.043,0,0,2000,0,0,,CK489,CK489,SATS,192.168.3.66,AAG460.1006710
12738,MODIFY,78292200,78292178,4360971267,M57727,981,中芯國際,A,E,2000,77.25,F,2025-10-13 11:48:58.033,77.25,2000,0,0,0,,CK489,CK489,SATS,192.168.3.66,AAG460.1006710
14115,INPUT,78293434,78293434,,M57727,2259,紫金黃金國際,B,E,200,131,X,2025-10-13 13:16:16.547,0,0,0,200,0,2081 Warning! Price 66 S from nominal. Please check.,CK489,CK489,SATS,192.168.3.66,AAG460.1006710
14122,INPUT,78293441,78293441,5208170243,M57727,2259,紫金黃金國際,B,E,200,131,C,2025-10-13 13:16:26.743,0,0,200,0,0,,CK489,CK489,SATS,192.168.3.66,AAG460.1006710
14793,INPUT,78294130,78294130,5718344451,P77240,960,龍湖集團,B,E,10000,10.36,O,2025-10-13 13:36:42.757,0,0,0,0,10000,,CK489,CK489,SATS,192.168.3.66,AAG460.1008862
15064,INPUT,78294405,78294405,6084426242,M57727,857,中國石油股份,A,E,20000,7.38,O,2025-10-13 13:43:31.343,0,0,0,0,20000,,CK489,CK489,SATS,192.168.3.66,AAG460.1006710
15669,INPUT,78295027,78295027,6464922626,M57727,1818,招金礦業,B,E,2000,32.58,C,2025-10-13 14:00:43.473,0,0,2000,0,0,,CK489,CK489,SATS,192.168.3.66,AAG460.1006710
15675,MODIFY,78295033,78295027,6466925314,M57727,1818,招金礦業,B,E,2000,32.6,C,2025-10-13 14:00:49.650,0,0,2000,0,0,,CK489,CK489,SATS,192.168.3.66,AAG460.1006710
15681,MODIFY,78295039,78295027,6469409538,M57727,1818,招金礦業,B,E,2000,32.66,C,2025-10-13 14:00:58.257,0,0,2000,0,0,,CK489,CK489,SATS,192.168.3.66,AAG460.1006710
15689,MODIFY,78295047,78295027,6472366594,M57727,1818,招金礦業,B,E,2000,32.68,F,2025-10-13 14:01:04.737,32.68,2000,0,0,0,,CK489,CK489,SATS,192.168.3.66,AAG460.1006710
17418,INPUT,78296833,78296833,7259027971,M57727,3416,Ａ ＧＸ國指備兌,B,E,10000,10.5,C,2025-10-13 14:52:38.450,0,0,10000,0,0,,CK489,CK489,SATS,192.168.3.66,AAG460.1006710
17423,CANCEL,78296838,78293441,5208170243,M57727,2259,紫金黃金國際,B,E,0,131,C,2025-10-13 14:52:51.487,0,0,200,0,0,,CK489,CK489,SATS,192.168.3.66,NULL
17845,CANCEL,78297274,78296833,7259027971,M57727,3416,Ａ ＧＸ國指備兌,B,E,0,10.5,C,2025-10-13 15:07:00.563,0,0,10000,0,0,,CK489,CK489,SATS,192.168.3.66,NULL
17866,INPUT,78297295,78297295,7500470787,M57727,3416,Ａ ＧＸ國指備兌,B,E,10000,10.5,C,2025-10-13 15:07:44.100,0,0,10000,0,0,,CK489,MCAMS,MCAMS,ATS,AAG460.1006710
18412,INPUT,78297851,78297851,7778064387,P77751,2302,中核國際,A,E,10000,7.31,F,2025-10-13 15:26:06.283,7.31,10000,0,0,0,,CK489,CK489,SATS,192.168.3.66,AAG460.1006540
18500,MODIFY,78297940,78297295,7804655875,M57727,3416,Ａ ＧＸ國指備兌,B,E,10000,10.57,C,2025-10-13 15:28:03.517,0,0,10000,0,0,,CK489,MCAMS,MCAMS,192.168.15.2,AAG460.1006710
18513,INPUT,78297954,78297954,7810705667,P77751,611,中國核能科技,B,E,100000,0.61,F,2025-10-13 15:28:25.480,0.61,100000,0,0,0,,CK489,CK489,SATS,192.168.3.66,AAG460.1006540
18935,MODIFY,78298386,78297295,8035200771,M57727,3416,Ａ ＧＸ國指備兌,B,E,10000,10.6,F,2025-10-13 15:41:43.520,10.6,10000,0,0,0,,CK489,MCAMS,MCAMS,192.168.15.2,AAG460.1006710
18948,INPUT,78298399,78298399,,P77197,1478,丘鈦科技,A,E,1000,15.6,X,2025-10-13 15:41:58.063,0,0,0,1000,0,2081 Warning! Price 46 S from nominal. Please check.,CK489,CK489,SATS,192.168.3.66,AAG460.1004271
18957,INPUT,78298405,78298405,8263736834,P77197,1478,丘鈦科技,A,E,1000,15.6,O,2025-10-13 15:42:08.263,0,0,0,0,1000,,CK489,CK489,SATS,192.168.3.66,AAG460.1004271
19063,INPUT,78298511,78298511,8081345027,M57727,3416,Ａ ＧＸ國指備兌,B,E,5000,10.55,O,2025-10-13 15:44:46.570,0,0,0,0,5000,,CK489,MCAMS,MCAMS,ATS,AAG460.1006710
19449,INPUT,78298906,78298906,,M57727,1818,招金礦業,A,E,2000,34.18,X,2025-10-13 15:55:41.610,0,0,0,2000,0,2081 Warning! Price 48 S from nominal. Please check.,CK489,CK489,SATS,192.168.3.66,AAG460.1006710
19458,INPUT,78298915,78298915,8487094530,M57727,1818,招金礦業,A,E,2000,34.18,O,2025-10-13 15:55:53.197,0,0,0,0,2000,,CK489,CK489,SATS,192.168.3.66,AAG460.1006710
2553,INPUT,78301782,78301782,25838849,M57727,358,江西銅業股份,B,A,3000,0,F,2025-10-14 09:14:17.747,37.5,3000,0,0,0,,CK489,CK489,SATS,192.168.3.66,AAG460.1006710
3234,INPUT,78302453,78302453,125844739,M58772,1888,建滔積層板,A,E,20000,13.65,F,2025-10-14 09:31:37.537,13.65,20000,0,0,0,,CK489,MCAMS,MCAMS,ATS,AAG460.1008468
4788,INPUT,78304053,78304053,,M9136,2155,森松國際,A,E,3000,10.9,X,2025-10-14 09:45:38.233,0,0,0,3000,0,2081 Warning! Price 83 S from nominal. Please check.,CK489,CK489,SATS,192.168.3.66,AAG460.1002161
4799,INPUT,78304065,78304065,,M9136,2155,森松國際,A,E,3000,10.9,X,2025-10-14 09:45:45.273,0,0,0,3000,0,2043 Invalid order price,CK489,CK489,SATS,192.168.3.66,AAG460.1002161
5622,INPUT,78304904,78304904,1151454979,P77197,1478,丘鈦科技,A,E,1000,16.09,F,2025-10-14 09:57:06.303,16.09,1000,0,0,0,,CK489,CK489,SATS,192.168.3.66,AAG460.1004271
6161,INPUT,78305458,78305458,1419082755,P77197,1478,丘鈦科技,A,E,1000,16.3,O,2025-10-14 10:05:51.400,0,0,0,0,1000,,CK489,CK489,SATS,192.168.3.66,AAG460.1004271
0,REJECT,78305460,78305460,,M58772,1888,建滔積層板,B,E,40000,13.5,X,2025-10-14 10:05:53.500,0,0,0,40000,0,16 Please contact AE,CK489,MCAMS,MCAMS,ATS,AAG460.1008468
6298,INPUT,78305601,78305601,1490879745,M57727,1818,招金礦業,A,E,2000,33.88,F,2025-10-14 10:08:44.117,33.88,2000,0,0,0,,CK489,CK489,SATS,192.168.3.66,AAG460.1006710
6416,INPUT,78305725,78305725,1578232579,M58772,1888,建滔積層板,B,E,30000,13.62,F,2025-10-14 10:11:19.823,13.62,30000,0,0,0,,CK489,MCAMS,MCAMS,ATS,AAG460.1008468
7120,INPUT,78306443,78306443,,M9136,2650,摯達科技,A,E,50,190,X,2025-10-14 10:24:20.347,0,0,0,50,0,2083 Warning! Price 23 S from Alarm nominal. Please check.,CK489,CK489,SATS,192.168.3.66,AAG460.1002161
7145,INPUT,78306469,78306469,1941093891,M9136,2650,摯達科技,A,E,50,193,C,2025-10-14 10:24:50.763,0,0,50,0,0,,CK489,CK489,SATS,192.168.3.66,AAG460.1002161
7161,MODIFY,78306485,78306469,1950883331,M9136,2650,摯達科技,A,E,50,191,F,2025-10-14 10:25:10.473,191,50,0,0,0,,CK489,CK489,SATS,192.168.3.66,AAG460.1002161
7562,INPUT,78306889,78306889,,M9136,3993,洛陽鉬業,A,E,3000,16.28,X,2025-10-14 10:33:45.743,0,0,0,3000,0,2081 Warning! Price 22 S from nominal. Please check.,CK489,CK489,SATS,192.168.3.66,AAG460.1002161
7569,INPUT,78306896,78306896,2174870787,M9136,3993,洛陽鉬業,A,E,3000,16.28,F,2025-10-14 10:33:53.360,16.28,3000,0,0,0,,CK489,CK489,SATS,192.168.3.66,AAG460.1002161
8401,INPUT,78307738,78307738,2697405699,P77751,611,中國核能科技,A,E,100000,0.68,C,2025-10-14 10:54:10.827,0,0,100000,0,0,,CK489,CK489,SATS,192.168.3.66,AAG460.1006540
8590,MODIFY,78307929,78307738,2828196867,P77751,611,中國核能科技,A,E,100000,0.66,F,2025-10-14 10:59:01.067,0.66,100000,0,0,0,,CK489,CK489,SATS,192.168.3.66,AAG460.1006540
8650,INPUT,78307990,78307990,2860813059,P77751,1164,中廣核礦業,A,E,10000,4,F,2025-10-14 11:00:22.330,4,10000,0,0,0,,CK489,CK489,SATS,192.168.3.66,AAG460.1006540
9066,INPUT,78308412,78308412,3115876099,M57727,1171,兗礦能源,B,E,10000,10.78,C,2025-10-14 11:10:02.397,0,0,10000,0,0,,CK489,CK489,SATS,192.168.3.66,AAG460.1006710
9095,INPUT,78308440,78308440,3175938305,M57727,3416,Ａ ＧＸ國指備兌,B,E,10000,10.59,C,2025-10-14 11:10:59.513,0,0,10000,0,0,,CK489,MCAMS,MCAMS,ATS,AAG460.1006710
9269,MODIFY,78308616,78308440,3307161089,M57727,3416,Ａ ＧＸ國指備兌,B,E,10000,10.61,F,2025-10-14 11:16:27.917,10.61,10000,0,0,0,,CK489,MCAMS,MCAMS,192.168.15.2,AAG460.1006710
9326,MODIFY,78308673,78308412,3311955715,M57727,1171,兗礦能源,B,E,10000,10.9,C,2025-10-14 11:18:23.487,0,0,10000,0,0,,CK489,CK489,SATS,192.168.3.66,AAG460.1006710
9330,MODIFY,78308677,78308412,3314123779,M57727,1171,兗礦能源,B,E,10000,10.91,F,2025-10-14 11:18:28.030,10.91,10000,0,0,0,,CK489,CK489,SATS,192.168.3.66,AAG460.1006710
9908,INPUT,78309263,78309263,3685915907,P77197,268,金蝶國際,B,E,1000,15.8,C,2025-10-14 11:39:07.880,0,0,1000,0,0,,CK489,CK489,SATS,192.168.3.66,AAG460.1004271
10205,INPUT,78309561,78309561,4088663042,M57337,175,吉利汽車,B,E,3000,18.95,C,2025-10-14 11:48:03.313,0,0,3000,0,0,,CK489,CK489,SATS,192.168.3.66,AAG460.1060092
10211,MODIFY,78309567,78309561,4089999362,M57337,175,吉利汽車,B,E,3000,18.96,F,2025-10-14 11:48:10.557,18.96,3000,0,0,0,,CK489,CK489,SATS,192.168.3.66,AAG460.1060092
10354,CANCEL,78309712,78309263,3685915907,P77197,268,金蝶國際,B,E,0,15.8,C,2025-10-14 11:54:03.100,0,0,1000,0,0,,CK489,CK489,SATS,192.168.3.66,NULL
10368,INPUT,78309727,78309727,3884263427,P77197,268,金蝶國際,B,E,1000,15.72,F,2025-10-14 11:54:46.897,15.72,1000,0,0,0,,CK489,CK489,SATS,192.168.3.66,AAG460.1004271
10763,INPUT,78309948,78309948,3953261827,M58772,6088,FIT HON TENG,B,E,15000,5.9,F,2025-10-14 13:00:03.540,5.9,15000,0,0,0,,CK489,MCAMS,MCAMS,ATS,AAG460.1008468
11739,INPUT,78310935,78310935,4622194945,P77240,3759,康龍化成,B,E,2000,23.36,F,2025-10-14 13:16:03.790,23.36,2000,0,0,0,,CK489,CK489,SATS,192.168.3.66,AAG460.1008862
12786,INPUT,78311994,78311994,5262284547,M57727,939,建設銀行,A,E,10000,7.65,C,2025-10-14 13:42:38.923,0,0,10000,0,0,,CK489,GTC,SATS.NET,192.168.15.2,AAG460.1006710
12790,CANCEL,78311998,78311994,5262284547,M57727,939,建設銀行,A,E,0,7.65,C,2025-10-14 13:42:46.347,0,0,10000,0,0,,CK489,CK489,SATS.NET,192.168.3.66,NULL
12803,INPUT,78312011,78312011,5271480067,M57727,939,建設銀行,A,E,10000,7.65,O,2025-10-14 13:43:00.980,0,0,0,0,10000,,CK489,GTC,SATS.NET,192.168.15.2,AAG460.1006710
13047,INPUT,78312256,78312256,5752910082,P77751,2302,中核國際,B,E,10000,7.32,F,2025-10-14 13:48:44.733,7.32,10000,0,0,0,,CK489,CK489,SATS,192.168.3.66,AAG460.1006540
17006,INPUT,78316280,78316280,,M57727,1171,兗礦能源,A,E,10000,11.02,X,2025-10-14 15:21:56.500,0,0,0,10000,0,2081 Warning! Price 22 S from nominal. Please check.,CK489,CK489,SATS,192.168.3.66,AAG460.1006710
17009,INPUT,78316283,78316283,7479003139,M57727,1171,兗礦能源,A,E,10000,11.02,O,2025-10-14 15:22:06.993,0,0,0,0,10000,,CK489,CK489,SATS,192.168.3.66,AAG460.1006710
1942,INPUT,78319782,78319782,14893571,M57727,939,建設銀行,A,I,10000,7.65,C,2025-10-15 09:03:11.540,0,0,10000,0,0,,CK489,GTC,SATS.NET,192.168.15.2,AAG460.1006710
4642,INPUT,78324614,78324614,,M9136,2575,軒竹生物－Ｂ,A,E,500,31.6,X,2025-10-15 09:30:16.977,0,0,0,500,0,2081 Warning! Price 205 S from nominal. Please check.,CK489,CK489,SATS,192.168.3.66,AAG460.1002161
4662,INPUT,78324634,78324634,,M9136,2575,軒竹生物－Ｂ,A,E,500,31.6,X,2025-10-15 09:30:26.290,0,0,0,500,0,2043 Invalid order price,CK489,CK489,SATS,192.168.3.66,AAG460.1002161
5312,INPUT,78325286,78325286,245288961,P77751,2302,中核國際,A,E,10000,7.28,C,2025-10-15 09:33:55.737,0,0,10000,0,0,,CK489,CK489,SATS,192.168.3.66,AAG460.1006540
5327,MODIFY,78325301,78325286,252715265,P77751,2302,中核國際,A,E,10000,7.22,C,2025-10-15 09:34:04.720,0,0,10000,0,0,,CK489,CK489,SATS,192.168.3.66,AAG460.1006540
5339,MODIFY,78325313,78325286,257535233,P77751,2302,中核國際,A,E,10000,7.18,F,2025-10-15 09:34:10.083,7.18,10000,0,0,0,,CK489,CK489,SATS,192.168.3.66,AAG460.1006540
5769,INPUT,78325747,78325747,472463617,M57509,7552,ＸＩ二南方恒科,B,E,30000,1.286,C,2025-10-15 09:38:40.837,0,0,30000,0,0,,CK489,MCAMS,MCAMS,ATS,AAG460.1052019
5835,MODIFY,78325815,78325747,499652609,M57509,7552,ＸＩ二南方恒科,B,E,30000,1.29,F,2025-10-15 09:39:20.050,1.29,30000,0,0,0,,CK489,MCAMS,MCAMS,192.168.15.2,AAG460.1052019
5999,INPUT,78325978,78325978,602812929,M57509,7552,ＸＩ二南方恒科,B,E,20000,1.29,F,2025-10-15 09:41:30.003,1.29,20000,0,0,0,,CK489,MCAMS,MCAMS,ATS,AAG460.1052019
6051,INPUT,78326030,78326030,639316225,M57727,1171,兗礦能源,A,E,20000,10.92,C,2025-10-15 09:42:19.353,0,0,20000,0,0,,CK489,CK489,SATS,192.168.3.66,AAG460.1006710
6374,INPUT,78326360,78326360,803752961,M9136,2155,森松國際,A,E,3000,9.98,C,2025-10-15 09:45:59.280,0,0,3000,0,0,,CK489,CK489,SATS,192.168.3.66,AAG460.1002161
6492,INPUT,78326478,78326478,866850049,M57509,7552,ＸＩ二南方恒科,B,E,20000,1.264,F,2025-10-15 09:47:31.903,1.264,20000,0,0,0,,CK489,MCAMS,MCAMS,ATS,AAG460.1052019
7101,CANCEL,78327095,78326360,803752961,M9136,2155,森松國際,A,E,0,9.98,C,2025-10-15 09:57:06.060,0,0,3000,0,0,,CK489,CK489,SATS,192.168.3.66,NULL
7360,INPUT,78327358,78327358,1385580547,P85543,1810,小米集團－Ｗ,A,E,1000,49.8,C,2025-10-15 10:01:08.903,0,0,1000,0,0,,CK489,CK489,SATS,192.168.3.66,AAG460.1005043
7451,INPUT,78327451,78327451,1455909889,M57509,7552,ＸＩ二南方恒科,B,E,20000,1.264,F,2025-10-15 10:02:26.980,1.264,20000,0,0,0,,CK489,MCAMS,MCAMS,ATS,AAG460.1052019
7554,INPUT,78327555,78327555,1428399618,P821331,2318,中國平安,A,E,1000,54.55,F,2025-10-15 10:04:21.000,54.55,1000,0,0,0,,CK489,CK489,SATS,192.168.3.66,AAG460.1001276
7741,INPUT,78327747,78327747,1612472321,M57509,7552,ＸＩ二南方恒科,B,E,10000,1.268,F,2025-10-15 10:07:14.313,1.268,10000,0,0,0,,CK489,MCAMS,MCAMS,ATS,AAG460.1052019
7941,MODIFY,78327948,78327358,1673766403,P85543,1810,小米集團－Ｗ,A,E,1000,49.66,C,2025-10-15 10:10:14.327,0,0,1000,0,0,,CK489,CK489,SATS,192.168.3.66,AAG460.1005043
7951,MODIFY,78327958,78327358,1677082115,P85543,1810,小米集團－Ｗ,A,E,1000,49.64,F,2025-10-15 10:10:22.670,49.64,1000,0,0,0,,CK489,CK489,SATS,192.168.3.66,AAG460.1005043
8000,INPUT,78328007,78328007,,M9136,2155,森松國際,A,E,3000,10.22,X,2025-10-15 10:11:10.060,0,0,0,3000,0,2081 Warning! Price 28 S from nominal. Please check.,CK489,CK489,SATS,192.168.3.66,AAG460.1002161
8005,INPUT,78328012,78328012,1736544769,M9136,2155,森松國際,A,E,3000,10.22,O,2025-10-15 10:11:16.370,0,0,0,0,3000,,CK489,CK489,SATS,192.168.3.66,AAG460.1002161
8324,INPUT,78328339,78328339,1815884034,P77005,1357,美圖公司,B,E,2000,8.5,F,2025-10-15 10:18:20.430,8.5,2000,0,0,0,,CK489,CK489,SATS,192.168.3.66,AAG460.1001291
8479,INPUT,78328495,78328495,1986123267,M57727,857,中國石油股份,A,E,20000,7.24,F,2025-10-15 10:21:08.837,7.24,20000,0,0,0,,CK489,CK489,SATS,192.168.3.66,AAG460.1006710
8509,INPUT,78328525,78328525,2047172609,M57727,3416,Ａ ＧＸ國指備兌,B,E,10000,10.58,C,2025-10-15 10:21:43.733,0,0,10000,0,0,,CK489,CK489,SATS,192.168.3.66,AAG460.1006710
9747,MODIFY,78329784,78328525,2713463297,M57727,3416,Ａ ＧＸ國指備兌,B,E,10000,10.56,C,2025-10-15 10:48:23.503,0,0,10000,0,0,,CK489,CK489,SATS,192.168.3.66,AAG460.1006710
9950,INPUT,78329989,78329989,2846684417,M57509,7552,ＸＩ二南方恒科,A,E,50000,1.272,F,2025-10-15 10:54:27.693,1.272,50000,0,0,0,,CK489,MCAMS,MCAMS,ATS,AAG460.1052019
10116,MODIFY,78330159,78328525,2957166337,M57727,3416,Ａ ＧＸ國指備兌,B,E,10000,10.55,C,2025-10-15 10:59:45.350,0,0,10000,0,0,,CK489,CK489,SATS,192.168.3.66,AAG460.1006710
10351,MODIFY,78330400,78328525,3088574209,M57727,3416,Ａ ＧＸ國指備兌,B,E,10000,10.56,C,2025-10-15 11:06:09.303,0,0,10000,0,0,,CK489,CK489,SATS,192.168.3.66,AAG460.1006710
10821,INPUT,78330875,78330875,3448304129,M57727,1171,兗礦能源,A,E,10000,10.7,C,2025-10-15 11:24:33.527,0,0,10000,0,0,,CK489,CK489,SATS,192.168.3.66,AAG460.1006710
10871,CANCEL,78330925,78326030,639316225,M57727,1171,兗礦能源,A,E,0,10.92,C,2025-10-15 11:26:41.090,0,0,20000,0,0,,CK489,CK489,SATS,192.168.3.66,NULL
10877,INPUT,78330931,78330931,3484267265,M57727,1171,兗礦能源,A,E,20000,10.7,C,2025-10-15 11:26:51.947,0,0,20000,0,0,,CK489,CK489,SATS,192.168.3.66,AAG460.1006710
10889,INPUT,78330944,78330944,3494874369,P830371,2,中電控股,A,E,500,65.95,F,2025-10-15 11:27:32.113,65.95,500,0,0,0,,CK489,CK489,SATS,192.168.3.66,AAG460.1000986
10924,CANCEL,78330979,78330931,3484267265,M57727,1171,兗礦能源,A,E,0,10.7,C,2025-10-15 11:29:07.850,0,0,20000,0,0,,CK489,CK489,SATS,192.168.3.66,NULL
10928,CANCEL,78330983,78330875,3448304129,M57727,1171,兗礦能源,A,E,0,10.7,C,2025-10-15 11:29:10.680,0,0,10000,0,0,,CK489,CK489,SATS,192.168.3.66,NULL
10964,INPUT,78331019,78331019,3465670147,M57727,939,建設銀行,A,E,20000,7.49,F,2025-10-15 11:30:42.720,7.49,20000,0,0,0,,CK489,CK489,SATS,192.168.3.66,AAG460.1006710
11005,INPUT,78331060,78331060,3564599553,M9136,2575,軒竹生物－Ｂ,A,E,500,27,C,2025-10-15 11:32:32.320,0,0,500,0,0,,CK489,CK489,SATS,192.168.3.66,AAG460.1002161
11055,MODIFY,78331110,78331060,3585445121,M9136,2575,軒竹生物－Ｂ,A,E,500,26.92,C,2025-10-15 11:34:25.617,0,0,500,0,0,,CK489,CK489,SATS,192.168.3.66,AAG460.1002161
11067,MODIFY,78331122,78331060,3590966529,M9136,2575,軒竹生物－Ｂ,A,E,500,26.86,F,2025-10-15 11:34:58.113,26.86,500,0,0,0,,CK489,CK489,SATS,192.168.3.66,AAG460.1002161
11214,INPUT,78331273,78331273,,M57337,175,吉利汽車,A,E,3000,19.46,X,2025-10-15 11:42:32.680,0,0,0,3000,0,2081 Warning! Price 25 S from nominal. Please check.,CK489,CK489,SATS,192.168.3.66,AAG460.1060092
11218,INPUT,78331277,78331277,3670876929,M57337,175,吉利汽車,A,E,3000,19.46,O,2025-10-15 11:42:41.980,0,0,0,0,3000,,CK489,CK489,SATS,192.168.3.66,AAG460.1060092
11765,INPUT,78331659,78331659,3807342593,P77240,347,鞍鋼股份,B,E,10000,2.23,C,2025-10-15 13:00:02.537,0,0,10000,0,0,,CK489,CK489,SATS,192.168.3.66,AAG460.1008862
11797,MODIFY,78331691,78331659,3813500929,P77240,347,鞍鋼股份,B,E,10000,2.24,C,2025-10-15 13:00:09.960,0,0,10000,0,0,,CK489,CK489,SATS,192.168.3.66,AAG460.1008862
11801,MODIFY,78331695,78331659,3819976705,P77240,347,鞍鋼股份,B,E,10000,2.25,F,2025-10-15 13:00:18.923,2.25,10000,0,0,0,,CK489,CK489,SATS,192.168.3.66,AAG460.1008862
13410,INPUT,78333339,78333339,4366177794,P77751,9698,萬國數據－ＳＷ,B,E,1000,33.32,F,2025-10-15 13:45:32.377,33.32,1000,0,0,0,,CK489,CK489,SATS,192.168.3.66,AAG460.1006540
13708,CANCEL,78333646,78319782,14893571,M57727,939,建設銀行,A,I,0,7.65,C,2025-10-15 13:56:22.923,0,0,10000,0,0,,CK489,CK489,SATS.NET,192.168.3.66,NULL
13717,INPUT,78333655,78333655,4845576451,M57727,939,建設銀行,A,E,10000,7.5,C,2025-10-15 13:56:44.003,0,0,10000,0,0,,CK489,CK489,SATS,192.168.3.66,AAG460.1006710
14167,INPUT,78334110,78334110,5190411521,M57727,1171,兗礦能源,B,E,10000,10.97,F,2025-10-15 14:13:49.470,10.96,10000,0,0,0,,CK489,CK489,SATS,192.168.3.66,AAG460.1006710
14176,INPUT,78334119,78334119,5196229633,M57727,1171,兗礦能源,B,E,10000,10.98,F,2025-10-15 14:14:09.627,10.98,10000,0,0,0,,CK489,CK489,SATS,192.168.3.66,AAG460.1006710
14194,MODIFY,78334137,78333655,5135510787,M57727,939,建設銀行,A,E,10000,7.49,F,2025-10-15 14:14:36.127,7.49,10000,0,0,0,,CK489,CK489,SATS,192.168.3.66,AAG460.1006710
14208,INPUT,78334151,78334151,5143328003,M57727,857,中國石油股份,A,E,10000,7.22,F,2025-10-15 14:15:05.473,7.22,10000,0,0,0,,CK489,CK489,SATS,192.168.3.66,AAG460.1006710
14262,INPUT,78334205,78334205,,P821331,9988,阿里巴巴－Ｗ,B,E,300,158,X,2025-10-15 14:16:47.490,0,0,0,300,0,2081 Warning! Price 37 S from nominal. Please check.,CK489,CK489,SATS,192.168.3.66,AAG460.1001276
14276,INPUT,78334219,78334219,5251152641,P821331,9988,阿里巴巴－Ｗ,B,E,300,158,O,2025-10-15 14:17:07.483,0,0,0,0,300,,CK489,CK489,SATS,192.168.3.66,AAG460.1001276
14572,CANCEL,78334524,78330400,3088574209,M57727,3416,Ａ ＧＸ國指備兌,B,E,0,10.56,C,2025-10-15 14:27:36.770,0,0,10000,0,0,,CK489,CK489,SATS,192.168.3.66,NULL
14581,INPUT,78334533,78334533,5413890561,M57727,3416,Ａ ＧＸ國指備兌,B,E,10000,10.6,C,2025-10-15 14:27:49.253,0,0,10000,0,0,,CK489,CK489,SATS,192.168.3.66,AAG460.1006710
14597,INPUT,78334552,78334552,5342108163,M57727,857,中國石油股份,A,E,14000,7.3,O,2025-10-15 14:28:14.660,0,0,0,0,14000,,CK489,CK489,SATS,192.168.3.66,AAG460.1006710
16044,MODIFY,78336028,78334533,6097543937,M57727,3416,Ａ ＧＸ國指備兌,B,E,10000,10.66,F,2025-10-15 15:21:43.357,10.66,10000,0,0,0,,CK489,CK489,SATS,192.168.3.66,AAG460.1006710
3779,INPUT,78342886,78342886,,M9136,2670,雲迹,A,I,50,149.9,X,2025-10-16 09:04:43.410,0,0,0,50,0,2081 Warning! Price 299 S from nominal. Please check.,CK489,CK489,SATS,192.168.3.66,AAG460.1002161
3962,INPUT,78343438,78343438,,M9136,2670,雲迹,A,I,50,149.9,X,2025-10-16 09:05:26.403,0,0,0,50,0,2081 Warning! Price 161 S from nominal. Please check.,CK489,CK489,SATS,192.168.3.66,AAG460.1002161
3975,INPUT,78343451,78343451,17918977,M9136,2670,雲迹,A,I,50,149.9,C,2025-10-16 09:05:41.393,0,0,50,0,0,,CK489,CK489,SATS,192.168.3.66,AAG460.1002161
5142,CANCEL,78344601,78343451,17918977,M9136,2670,雲迹,A,I,0,149.9,C,2025-10-16 09:30:06.500,0,0,50,0,0,,CK489,CK489,SATS,192.168.3.66,NULL
5234,INPUT,78344693,78344693,47142401,M9136,2670,雲迹,A,E,50,138,F,2025-10-16 09:30:21.070,138,50,0,0,0,,CK489,CK489,SATS,192.168.3.66,AAG460.1002161
6681,INPUT,78346156,78346156,366111489,M57509,7552,ＸＩ二南方恒科,A,E,50000,1.244,F,2025-10-16 09:37:05.707,1.244,50000,0,0,0,,CK489,MCAMS,MCAMS,ATS,AAG460.1052019
7048,INPUT,78346524,78346524,484245762,M57727,1171,兗礦能源,A,E,10000,11.47,F,2025-10-16 09:39:45.470,11.47,10000,0,0,0,,CK489,CK489,SATS,192.168.3.66,AAG460.1006710
7761,INPUT,78347244,78347244,677016321,M57727,857,中國石油股份,A,E,14000,7.32,F,2025-10-16 09:44:49.457,7.32,14000,0,0,0,,CK489,CK489,SATS,192.168.3.66,AAG460.1006710
8001,INPUT,78347487,78347487,774312194,M57727,1171,兗礦能源,A,E,10000,11.44,O,2025-10-16 09:47:02.770,0,0,0,0,10000,,CK489,CK489,SATS,192.168.3.66,AAG460.1006710
8836,INPUT,78348326,78348326,1027331586,M57727,1171,兗礦能源,B,E,10000,11.26,C,2025-10-16 09:54:45.970,0,0,10000,0,0,,CK489,CK489,SATS,192.168.3.66,AAG460.1006710
8881,MODIFY,78348372,78348326,1041014274,M57727,1171,兗礦能源,B,E,10000,11.29,F,2025-10-16 09:55:16.203,11.29,10000,0,0,0,,CK489,CK489,SATS,192.168.3.66,AAG460.1006710
9681,INPUT,78349190,78349190,1325717762,M57727,1171,兗礦能源,B,E,10000,11.2,C,2025-10-16 10:04:16.117,0,0,10000,0,0,,CK489,CK489,SATS,192.168.3.66,AAG460.1006710
9691,CANCEL,78349200,78349190,1325717762,M57727,1171,兗礦能源,B,E,0,11.2,C,2025-10-16 10:04:20.437,0,0,10000,0,0,,CK489,CK489,SATS,192.168.3.66,NULL
9718,INPUT,78349227,78349227,1337709826,M57727,1171,兗礦能源,B,E,6000,11.2,F,2025-10-16 10:04:40.410,11.2,6000,0,0,0,,CK489,CK489,SATS,192.168.3.66,AAG460.1006710
11538,INPUT,78351070,78351070,1962887169,M57727,857,中國石油股份,A,E,6000,7.48,O,2025-10-16 10:28:09.977,0,0,0,0,6000,,CK489,CK489,SATS,192.168.3.66,AAG460.1006710
12671,INPUT,78352211,78352211,2360968450,M57727,1171,兗礦能源,B,E,4000,11.29,C,2025-10-16 10:46:56.783,0,0,4000,0,0,,CK489,CK489,SATS,192.168.3.66,AAG460.1006710
12677,MODIFY,78352217,78352211,2362329090,M57727,1171,兗礦能源,B,E,4000,11.3,F,2025-10-16 10:47:01.523,11.3,4000,0,0,0,,CK489,CK489,SATS,192.168.3.66,AAG460.1006710
13749,INPUT,78353301,78353301,,P77240,868,信義玻璃,B,E,10000,8.32,X,2025-10-16 11:11:48.190,0,0,0,10000,0,2081 Warning! Price 31 S from nominal. Please check.,CK489,CK489,SATS,192.168.3.66,AAG460.1008862
13768,INPUT,78353320,78353320,2797661698,P77240,868,信義玻璃,B,E,10000,8.32,O,2025-10-16 11:12:15.227,0,0,0,0,10000,,CK489,GTC,SATS.NET,192.168.15.2,AAG460.1008862
14072,INPUT,78353630,78353630,2921993474,M57337,175,吉利汽車,A,E,3000,19.48,O,2025-10-16 11:19:22.297,0,0,0,0,3000,,CK489,CK489,SATS,192.168.3.66,AAG460.1060092
16282,INPUT,78355711,78355711,3950379009,P821331,9988,阿里巴巴－Ｗ,B,E,300,158,O,2025-10-16 13:18:51.093,0,0,0,0,300,,CK489,CK489,SATS,192.168.3.66,AAG460.1001276
2233,INPUT,78363411,78363411,14270466,P77240,868,信義玻璃,B,I,10000,8.32,O,2025-10-17 09:04:09.093,0,0,0,0,10000,,CK489,GTC,SATS.NET,192.168.15.2,AAG460.1008862
2917,INPUT,78364214,78364214,21281282,M57727,358,江西銅業股份,B,A,1000,0,F,2025-10-17 09:16:45.620,33.36,1000,0,0,0,,CK489,CK489,SATS,192.168.3.66,AAG460.1006710
3674,INPUT,78364970,78364970,208921601,M57727,857,中國石油股份,A,E,16000,7.4,F,2025-10-17 09:33:50.687,7.4,16000,0,0,0,,CK489,CK489,SATS,192.168.3.66,AAG460.1006710
3977,INPUT,78365286,78365286,,P821331,9988,阿里巴巴－Ｗ,B,E,400,158,X,2025-10-17 09:36:32.967,0,0,0,400,0,2081 Warning! Price 22 S from nominal. Please check.,CK489,CK489,SATS,192.168.3.66,AAG460.1001276
3993,INPUT,78365302,78365302,337513217,P821331,9988,阿里巴巴－Ｗ,B,E,400,158,F,2025-10-17 09:36:44.240,158,400,0,0,0,,CK489,CK489,SATS,192.168.3.66,AAG460.1001276
4537,INPUT,78365862,78365862,600436226,M57727,358,江西銅業股份,A,E,1000,32.48,C,2025-10-17 09:42:45.887,0,0,1000,0,0,,CK489,CK489,SATS,192.168.3.66,AAG460.1006710
4563,CANCEL,78365888,78365862,600436226,M57727,358,江西銅業股份,A,E,0,32.48,C,2025-10-17 09:42:59.397,0,0,1000,0,0,,CK489,CK489,SATS,192.168.3.66,NULL
4687,INPUT,78366015,78366015,686805507,M57727,939,建設銀行,B,E,20000,7.71,F,2025-10-17 09:44:27.557,7.71,20000,0,0,0,,CK489,CK489,SATS,192.168.3.66,AAG460.1006710
5598,INPUT,78366945,78366945,1018340865,M57509,7552,ＸＩ二南方恒科,B,E,100000,1.318,F,2025-10-17 09:55:07.313,1.318,100000,0,0,0,,CK489,MCAMS,MCAMS,ATS,AAG460.1052019
6131,INPUT,78367486,78367486,1253703937,M57509,7552,ＸＩ二南方恒科,A,E,100000,1.33,C,2025-10-17 10:02:05.530,0,0,100000,0,0,,CK489,MCAMS,MCAMS,ATS,AAG460.1052019
6168,MODIFY,78367527,78367486,1253703937,M57509,7552,ＸＩ二南方恒科,A,E,100000,1.28,X,2025-10-17 10:02:38.383,0,0,0,100000,0,2043 Invalid order price,CK489,MCAMS,MCAMS,192.168.15.2,AAG460.1052019
6246,INPUT,78367605,78367605,1313902081,M57509,7552,ＸＩ二南方恒科,A,E,100000,1.328,F,2025-10-17 10:03:48.953,1.328,100000,0,0,0,,CK489,MCAMS,MCAMS,ATS,AAG460.1052019
7376,INPUT,78368748,78368748,1862308866,P77005,107,四川成渝高速公路,A,E,20000,5.05,F,2025-10-17 10:21:27.383,5.05,20000,0,0,0,,CK489,CK489,SATS,192.168.3.66,AAG460.1001291
7987,INPUT,78369369,78369369,2260465411,P77236,189,東岳集團,B,E,10000,10.1,O,2025-10-17 10:34:07.177,0,0,0,0,10000,,CK489,CK489,SATS,192.168.3.66,AAG460.1004515
8322,INPUT,78369708,78369708,,M57337,175,吉利汽車,A,E,3000,19.48,X,2025-10-17 10:40:54.910,0,0,0,3000,0,2081 Warning! Price 59 S from nominal. Please check.,CK489,CK489,SATS,192.168.3.66,AAG460.1060092
8342,INPUT,78369728,78369728,2264311553,M57337,175,吉利汽車,A,E,3000,19.48,O,2025-10-17 10:41:10.157,0,0,0,0,3000,,CK489,CK489,SATS,192.168.3.66,AAG460.1060092
0,REJECT,78369751,78369751,,M57337,175,吉利汽車,A,E,3000,19.48,X,2025-10-17 10:41:38.167,0,0,0,3000,0,Short selling,CK489,GTC,SATS.NET,192.168.15.2,AAG460.1060092
10933,INPUT,78372178,78372178,3516434945,M57727,1171,兗礦能源,A,E,30000,11.1,C,2025-10-17 13:06:01.727,0,0,30000,0,0,,CK489,CK489,SATS,192.168.3.66,AAG460.1006710
10945,MODIFY,78372190,78372178,3528867585,M57727,1171,兗礦能源,A,E,30000,11.08,C,2025-10-17 13:06:36.837,11.08,16000,14000,0,0,,CK489,CK489,SATS,192.168.3.66,AAG460.1006710
10961,MODIFY,78372206,78372178,3540054273,M57727,1171,兗礦能源,A,E,14000,11.07,C,2025-10-17 13:07:03.617,11.07,8000,6000,0,0,,CK489,CK489,SATS,192.168.3.66,AAG460.1006710
11002,MODIFY,78372247,78372178,3562595841,M57727,1171,兗礦能源,A,E,6000,11.05,C,2025-10-17 13:08:10.380,0,0,6000,0,0,,CK489,CK489,SATS,192.168.3.66,AAG460.1006710
11013,MODIFY,78372258,78372178,3568768001,M57727,1171,兗礦能源,A,E,6000,11.03,F,2025-10-17 13:08:32.507,11.03,6000,0,0,0,,CK489,CK489,SATS,192.168.3.66,AAG460.1006710
11216,INPUT,78372461,78372461,3969514243,M57727,939,建設銀行,A,E,20000,7.63,F,2025-10-17 13:14:40.833,7.63,20000,0,0,0,,CK489,CK489,SATS,192.168.3.66,AAG460.1006710
11387,INPUT,78372633,78372633,3754390273,P88530,1340,惠生國際,B,E,200000,0.045,F,2025-10-17 13:18:45.450,0.045,200000,0,0,0,,CK489,CK489,SATS,192.168.3.66,AAG460.1039573
13984,INPUT,78375254,78375254,4928308738,M58821,13911,騰訊摩通六乙沽A,A,E,200000,0.048,F,2025-10-17 14:43:49.883,0.048,200000,0,0,0,,CK489,MCAMS,MCAMS,ATS,AAG460.1012895
14911,INPUT,78376206,78376206,5862363907,M57509,1810,小米集團－Ｗ,B,E,600,45.88,F,2025-10-17 15:14:45.567,45.88,600,0,0,0,,CK489,MCAMS,MCAMS,ATS,AAG460.1052019
14922,INPUT,78376217,78376217,5868715523,M57509,1810,小米集團－Ｗ,B,E,400,45.9,F,2025-10-17 15:15:11.060,45.9,400,0,0,0,,CK489,MCAMS,MCAMS,ATS,AAG460.1052019
14983,INPUT,78376280,78376280,5466253569,M57509,9988,阿里巴巴－Ｗ,B,E,100,153.7,F,2025-10-17 15:16:14.007,153.7,100,0,0,0,,CK489,MCAMS,MCAMS,ATS,AAG460.1052019
15064,INPUT,78376364,78376364,5465248258,M57509,700,騰訊控股,B,E,100,604,F,2025-10-17 15:18:48.403,604,100,0,0,0,,CK489,MCAMS,MCAMS,ATS,AAG460.1052019
16117,INPUT,78377433,78377433,6469887235,M57509,7299,ＦＬ二南方黃金,B,E,200,27.36,F,2025-10-17 15:44:34.263,27.36,200,0,0,0,,CK489,MCAMS,MCAMS,ATS,AAG460.1052019
16148,INPUT,78377464,78377464,6050677249,M57509,7552,ＸＩ二南方恒科,B,E,800,1.374,F,2025-10-17 15:45:27.703,1.374,800,0,0,0,,CK489,MCAMS,MCAMS,ATS,AAG460.1052019
16207,INPUT,78377526,78377526,6078194177,M57509,7552,ＸＩ二南方恒科,A,E,800,1.374,F,2025-10-17 15:47:12.197,1.374,800,0,0,0,,CK489,MCAMS,MCAMS,ATS,AAG460.1052019
16395,INPUT,78377719,78377719,6073948930,M57509,700,騰訊控股,B,E,100,607,C,2025-10-17 15:51:14.303,0,0,100,0,0,,CK489,MCAMS,MCAMS,ATS,AAG460.1052019
16483,MODIFY,78377808,78377719,6099986946,M57509,700,騰訊控股,B,E,100,607.5,C,2025-10-17 15:53:14.613,0,0,100,0,0,,CK489,MCAMS,MCAMS,192.168.15.2,AAG460.1052019
16576,MODIFY,78377907,78377719,6127078914,M57509,700,騰訊控股,B,E,100,608,F,2025-10-17 15:55:21.717,608,100,0,0,0,,CK489,MCAMS,MCAMS,192.168.15.2,AAG460.1052019
16823,INPUT,78378167,78378167,6188388354,M57509,7226,ＸＬ二南方恒科,B,E,10000,5.74,F,2025-10-17 15:59:28.933,5.74,10000,0,0,0,,CK489,MCAMS,MCAMS,ATS,AAG460.1052019
607,INPUT,78378931,78378931,5391107,M9136,3337,安東油田服務,A,I,20000,1.23,O,2025-10-20 09:00:15.387,0,0,0,0,20000,,CK489,MCAMS,MCAMS,ATS,AAG460.1002161
1718,INPUT,78380043,78380043,9900289,P77240,868,信義玻璃,B,I,10000,8.32,O,2025-10-20 09:02:38.580,0,0,0,0,10000,,CK489,GTC,SATS.NET,192.168.15.2,AAG460.1008862
4349,INPUT,78385558,78385558,20150530,M9136,2637,海西新藥,A,A,50,0,F,2025-10-20 09:16:28.697,102,50,0,0,0,,CK489,CK489,SATS,192.168.3.66,AAG460.1002161
6007,INPUT,78387221,78387221,436888066,M57509,3993,洛陽鉬業,B,E,9000,14.71,F,2025-10-20 09:38:03.010,14.71,9000,0,0,0,,CK489,MCAMS,MCAMS,ATS,AAG460.1052019
6268,INPUT,78387485,78387485,,M9136,2155,森松國際,A,E,3000,10.02,X,2025-10-20 09:40:51.573,0,0,0,3000,0,2081 Warning! Price 31 S from nominal. Please check.,CK489,CK489,SATS,192.168.3.66,AAG460.1002161
6290,INPUT,78387507,78387507,627601155,M9136,2155,森松國際,A,E,3000,10.02,O,2025-10-20 09:40:59.403,0,0,0,0,3000,,CK489,CK489,SATS,192.168.3.66,AAG460.1002161
6350,INPUT,78387567,78387567,647771651,M57509,1810,小米集團－Ｗ,A,E,1000,46.72,F,2025-10-20 09:41:26.403,46.72,1000,0,0,0,,CK489,MCAMS,MCAMS,ATS,AAG460.1052019
6493,INPUT,78387712,78387712,684569345,M57509,9988,阿里巴巴－Ｗ,A,E,100,160.5,C,2025-10-20 09:42:50.187,0,0,100,0,0,,CK489,MCAMS,MCAMS,ATS,AAG460.1052019
6554,MODIFY,78387779,78387712,711281921,M57509,9988,阿里巴巴－Ｗ,A,E,100,160.3,F,2025-10-20 09:43:31.007,160.3,100,0,0,0,,CK489,MCAMS,MCAMS,192.168.15.2,AAG460.1052019
6614,INPUT,78387840,78387840,718776834,P88939,3,香港中華煤氣,A,E,10000,7.3,C,2025-10-20 09:44:12.523,0,0,10000,0,0,,CK489,CK489,SATS,192.168.3.66,AAG460.1040040
7002,INPUT,78388232,78388232,881697794,P397028,981,中芯國際,B,E,500,71.1,F,2025-10-20 09:48:25.283,71.1,500,0,0,0,,CK489,P3CAMS_GMO,P3CAMS_GMO,192.168.15.2,AAG460.1125226
7859,INPUT,78389095,78389095,1392838403,P77197,18138,騰訊摩通六一購B,B,E,20000,0.38,F,2025-10-20 10:02:50.317,0.38,20000,0,0,0,,CK489,CK489,SATS,192.168.3.66,AAG460.1004271
7987,INPUT,78389224,78389224,1407446017,P77751,2302,中核國際,B,E,10000,6.09,C,2025-10-20 10:05:04.853,0,0,10000,0,0,,CK489,CK489,SATS,192.168.3.66,AAG460.1006540
8020,MODIFY,78389259,78389224,1422142465,P77751,2302,中核國際,B,E,10000,6.12,F,2025-10-20 10:05:32.830,6.12,10000,0,0,0,,CK489,CK489,SATS,192.168.3.66,AAG460.1006540
9806,INPUT,78391056,78391056,2350614274,M57509,3993,洛陽鉬業,A,E,3000,14.8,F,2025-10-20 10:45:17.557,14.8,3000,0,0,0,,CK489,MCAMS,MCAMS,ATS,AAG460.1052019
9842,INPUT,78391092,78391092,2370980354,M57509,3993,洛陽鉬業,A,E,3000,14.83,F,2025-10-20 10:46:17.300,14.83,3000,0,0,0,,CK489,MCAMS,MCAMS,ATS,AAG460.1052019
9880,INPUT,78391131,78391131,2378781185,M57509,7226,ＸＬ二南方恒科,A,E,10000,6.16,F,2025-10-20 10:47:26.313,6.16,10000,0,0,0,,CK489,MCAMS,MCAMS,ATS,AAG460.1052019
9894,INPUT,78391144,78391144,2405826306,M57509,3993,洛陽鉬業,A,E,3000,14.83,C,2025-10-20 10:48:07.523,0,0,3000,0,0,,CK489,MCAMS,MCAMS,ATS,AAG460.1052019
9911,MODIFY,78391162,78391144,2422275074,M57509,3993,洛陽鉬業,A,E,3000,14.8,F,2025-10-20 10:48:53.423,14.8,3000,0,0,0,,CK489,MCAMS,MCAMS,192.168.15.2,AAG460.1052019
9958,INPUT,78391209,78391209,2549962755,M57509,700,騰訊控股,A,E,100,629.5,F,2025-10-20 10:50:03.097,629.5,100,0,0,0,,CK489,MCAMS,MCAMS,ATS,AAG460.1052019
10601,INPUT,78391860,78391860,2915923971,M58821,13911,騰訊摩通六乙沽A,B,E,100000,0.03,O,2025-10-20 11:12:42.463,0,0,0,0,100000,,CK489,MCAMS,MCAMS,ATS,AAG460.1012895
11310,INPUT,78392578,78392578,,M57337,175,吉利汽車,A,E,3000,19.46,X,2025-10-20 11:42:02.660,0,0,0,3000,0,2081 Warning! Price 52 S from nominal. Please check.,CK489,CK489,SATS,192.168.3.66,AAG460.1060092
11315,INPUT,78392582,78392582,3146841602,M57337,175,吉利汽車,A,E,3000,19.46,C,2025-10-20 11:42:12.213,0,0,3000,0,0,,CK489,CK489,SATS,192.168.3.66,AAG460.1060092
0,REJECT,78392604,78392604,,M57337,175,吉利汽車,A,E,3000,19.46,X,2025-10-20 11:43:57.757,0,0,0,3000,0,Short selling,CK489,GTC,SATS.NET,192.168.15.2,AAG460.1060092
11342,CANCEL,78392609,78392582,3146841602,M57337,175,吉利汽車,A,E,0,19.46,C,2025-10-20 11:44:11.437,0,0,3000,0,0,,CK489,CK489,SATS,192.168.3.66,NULL
11346,INPUT,78392613,78392613,3160857090,M57337,175,吉利汽車,A,E,3000,19.46,O,2025-10-20 11:44:24.933,0,0,0,0,3000,,CK489,GTC,SATS.NET,192.168.15.2,AAG460.1060092
11520,INPUT,78392791,78392791,3250470402,M57509,981,中芯國際,B,E,1000,72,C,2025-10-20 11:58:02.947,0,0,1000,0,0,,CK489,MCAMS,MCAMS,ATS,AAG460.1052019
11526,MODIFY,78392797,78392791,3253210370,M57509,981,中芯國際,B,E,1000,72.05,F,2025-10-20 11:58:32.030,72.05,1000,0,0,0,,CK489,MCAMS,MCAMS,192.168.15.2,AAG460.1052019
11851,INPUT,78392949,78392949,3422562819,M57509,700,騰訊控股,A,E,100,629,F,2025-10-20 13:02:37.700,629,100,0,0,0,,CK489,MCAMS,MCAMS,ATS,AAG460.1052019
11889,INPUT,78392988,78392988,3358100226,M57509,981,中芯國際,A,E,500,71.85,F,2025-10-20 13:04:27.170,71.85,500,0,0,0,,CK489,MCAMS,MCAMS,ATS,AAG460.1052019
11945,INPUT,78393045,78393045,3395824130,M57509,981,中芯國際,A,E,500,71.8,C,2025-10-20 13:06:51.487,0,0,500,0,0,,CK489,MCAMS,MCAMS,ATS,AAG460.1052019
11955,MODIFY,78393056,78393045,3402373890,M57509,981,中芯國際,A,E,500,71.65,F,2025-10-20 13:07:15.777,71.65,500,0,0,0,,CK489,MCAMS,MCAMS,192.168.15.2,AAG460.1052019
11992,INPUT,78393093,78393093,3533989891,M57509,7552,ＸＩ二南方恒科,B,E,100000,1.288,F,2025-10-20 13:09:15.913,1.288,100000,0,0,0,,CK489,MCAMS,MCAMS,ATS,AAG460.1052019
12263,INPUT,78393365,78393365,3699024387,M57509,7552,ＸＩ二南方恒科,A,E,50000,1.296,C,2025-10-20 13:20:09.687,0,0,50000,0,0,,CK489,MCAMS,MCAMS,ATS,AAG460.1052019
12504,CANCEL,78393609,78387840,718776834,P88939,3,香港中華煤氣,A,E,0,7.3,C,2025-10-20 13:31:19.813,0,0,10000,0,0,,CK489,CK489,SATS,192.168.3.66,NULL
12659,MODIFY,78393764,78393365,3919858691,M57509,7552,ＸＩ二南方恒科,A,E,50000,1.3,C,2025-10-20 13:35:02.920,0,0,50000,0,0,,CK489,MCAMS,MCAMS,192.168.15.2,AAG460.1052019
13276,INPUT,78394398,78394398,4331700995,M57509,7552,ＸＩ二南方恒科,A,E,50000,1.298,F,2025-10-20 14:07:48.010,1.298,50000,0,0,0,,CK489,MCAMS,MCAMS,ATS,AAG460.1052019
13300,MODIFY,78394422,78393365,4345271811,M57509,7552,ＸＩ二南方恒科,A,E,50000,1.298,F,2025-10-20 14:08:50.387,1.298,50000,0,0,0,,CK489,MCAMS,MCAMS,192.168.15.2,AAG460.1052019
13325,INPUT,78394447,78394447,4357840387,P77197,18138,騰訊摩通六一購B,A,E,20000,0.415,O,2025-10-20 14:09:56.297,0,0,0,0,20000,,CK489,CK489,SATS,192.168.3.66,AAG460.1004271
14374,INPUT,78395510,78395510,4920306691,P830371,517,中遠海運國際,A,E,18000,5.95,O,2025-10-20 14:58:23.587,0,0,0,0,18000,,CK489,CK489,SATS,192.168.3.66,AAG460.1000986
15304,INPUT,78396461,78396461,5204710146,P77240,1772,贛鋒鋰業,B,E,1000,42.72,F,2025-10-20 15:41:52.113,42.72,1000,0,0,0,,CK489,CK489,SATS,192.168.3.66,AAG460.1008862
1471,INPUT,78398683,78398683,9781763,P77240,868,信義玻璃,B,I,10000,8.32,O,2025-10-21 09:02:03.517,0,0,0,0,10000,,CK489,GTC,SATS.NET,192.168.15.2,AAG460.1008862
4115,INPUT,78402156,78402156,15235585,M57337,175,吉利汽車,A,I,3000,19.46,F,2025-10-21 09:03:36.663,19.46,3000,0,0,0,,CK489,GTC,SATS.NET,192.168.15.2,AAG460.1060092
6069,INPUT,78407219,78407219,90051586,M57509,7552,ＸＩ二南方恒科,B,E,20000,1.248,F,2025-10-21 09:31:07.257,1.248,20000,0,0,0,,CK489,MCAMS,MCAMS,ATS,AAG460.1052019
7601,INPUT,78408763,78408763,474506498,M57509,7552,ＸＩ二南方恒科,B,E,30000,1.24,F,2025-10-21 09:40:25.910,1.24,30000,0,0,0,,CK489,MCAMS,MCAMS,ATS,AAG460.1052019
7691,INPUT,78408853,78408853,503355138,M57509,7552,ＸＩ二南方恒科,B,E,30000,1.238,F,2025-10-21 09:41:10.010,1.238,30000,0,0,0,,CK489,MCAMS,MCAMS,ATS,AAG460.1052019
8140,INPUT,78409304,78409304,621122306,M57509,7552,ＸＩ二南方恒科,B,E,20000,1.236,F,2025-10-21 09:44:28.470,1.236,20000,0,0,0,,CK489,MCAMS,MCAMS,ATS,AAG460.1052019
8659,INPUT,78409831,78409831,763933697,P77751,9698,萬國數據－ＳＷ,A,E,1000,33.66,C,2025-10-21 09:49:35.093,0,0,1000,0,0,,CK489,CK489,SATS,192.168.3.66,AAG460.1006540
8667,MODIFY,78409839,78409831,766345729,P77751,9698,萬國數據－ＳＷ,A,E,1000,33.64,F,2025-10-21 09:49:40.020,33.64,1000,0,0,0,,CK489,CK489,SATS,192.168.3.66,AAG460.1006540
9190,INPUT,78410363,78410363,959990274,P77197,18138,騰訊摩通六一購B,A,E,20000,0.44,F,2025-10-21 09:56:00.207,0.44,20000,0,0,0,,CK489,CK489,SATS,192.168.3.66,AAG460.1004271
9232,INPUT,78410405,78410405,973120258,P77751,611,中國核能科技,B,E,100000,0.6,C,2025-10-21 09:56:31.467,0,0,100000,0,0,,CK489,CK489,SATS,192.168.3.66,AAG460.1006540
9598,INPUT,78410773,78410773,,P821331,9988,阿里巴巴－Ｗ,A,E,400,170.8,X,2025-10-21 10:01:32.947,0,0,0,400,0,2081 Warning! Price 40 S from nominal. Please check.,CK489,CK489,SATS,192.168.3.66,AAG460.1001276
9614,INPUT,78410788,78410788,1083823873,P821331,9988,阿里巴巴－Ｗ,A,E,400,170.8,C,2025-10-21 10:01:42.187,0,0,400,0,0,,CK489,CK489,SATS,192.168.3.66,AAG460.1001276
9820,INPUT,78410994,78410994,,P85543,2318,中國平安,A,E,2000,57.8,X,2025-10-21 10:05:00.480,0,0,0,2000,0,2081 Warning! Price 33 S from nominal. Please check.,CK489,CK489,SATS,192.168.3.66,AAG460.1005043
9841,INPUT,78411016,78411016,1161188609,P85543,2318,中國平安,A,E,2000,57.8,O,2025-10-21 10:05:09.220,0,0,0,0,2000,,CK489,CK489,SATS,192.168.3.66,AAG460.1005043
11536,INPUT,78412727,78412727,1731145218,M58821,13911,騰訊摩通六乙沽A,B,E,50000,0.036,C,2025-10-21 10:32:09.473,0,0,50000,0,0,,CK489,MCAMS,MCAMS,ATS,AAG460.1012895
11545,INPUT,78412736,78412736,1785764355,P88929,639,首鋼資源,B,E,10000,3.11,F,2025-10-21 10:32:16.253,3.11,10000,0,0,0,,CK489,CK489,SATS,192.168.3.66,AAG460.1006629
11756,INPUT,78412950,78412950,1809005826,M57509,7552,ＸＩ二南方恒科,B,E,50000,1.21,F,2025-10-21 10:36:36.780,1.21,50000,0,0,0,,CK489,MCAMS,MCAMS,ATS,AAG460.1052019
12462,INPUT,78413671,78413671,2015267073,M57727,939,建設銀行,B,E,20000,7.83,C,2025-10-21 10:48:47.643,0,0,20000,0,0,,CK489,CK489,SATS,192.168.3.66,AAG460.1006710
12476,CANCEL,78413685,78413671,2015267073,M57727,939,建設銀行,B,E,0,7.83,C,2025-10-21 10:49:06.670,0,0,20000,0,0,,CK489,CK489,SATS,192.168.3.66,NULL
12561,INPUT,78413774,78413774,2066007810,M57727,1171,兗礦能源,A,E,10000,11.02,C,2025-10-21 10:50:39.753,0,0,10000,0,0,,CK489,CK489,SATS,192.168.3.66,AAG460.1006710
12574,MODIFY,78413787,78413774,2068907266,M57727,1171,兗礦能源,A,E,10000,11.01,F,2025-10-21 10:50:49.167,11.01,10000,0,0,0,,CK489,CK489,SATS,192.168.3.66,AAG460.1006710
12606,INPUT,78413821,78413821,2064842241,M57727,939,建設銀行,B,E,10000,7.85,F,2025-10-21 10:51:24.080,7.85,10000,0,0,0,,CK489,CK489,SATS,192.168.3.66,AAG460.1006710
12634,INPUT,78413849,78413849,2073880065,M57727,939,建設銀行,B,E,10000,7.85,F,2025-10-21 10:51:55.500,7.85,10000,0,0,0,,CK489,CK489,SATS,192.168.3.66,AAG460.1006710
13081,INPUT,78414301,78414301,2266706178,M57509,7552,ＸＩ二南方恒科,A,E,50000,1.218,C,2025-10-21 11:02:46.920,0,0,50000,0,0,,CK489,MCAMS,MCAMS,ATS,AAG460.1052019
13376,INPUT,78414599,78414599,2479990019,M58772,6088,FIT HON TENG,A,E,15000,5.94,F,2025-10-21 11:09:30.413,5.94,15000,0,0,0,,CK489,MCAMS,MCAMS,ATS,AAG460.1008468
13706,MODIFY,78414934,78410405,2431012354,P77751,611,中國核能科技,B,E,100000,0.61,F,2025-10-21 11:16:29.893,0.61,100000,0,0,0,,CK489,CK489,SATS,192.168.3.66,AAG460.1006540
13724,INPUT,78414952,78414952,2436538370,M58772,1888,建滔積層板,A,E,30000,13.1,F,2025-10-21 11:16:55.913,13.1,30000,0,0,0,,CK489,MCAMS,MCAMS,ATS,AAG460.1008468
14450,MODIFY,78415690,78414301,2600785154,M57509,7552,ＸＩ二南方恒科,A,E,50000,1.228,C,2025-10-21 11:31:32.843,0,0,50000,0,0,,CK489,MCAMS,MCAMS,192.168.15.2,AAG460.1052019
14539,INPUT,78415782,78415782,2614790914,M57509,7552,ＸＩ二南方恒科,A,E,30000,1.216,C,2025-10-21 11:33:33.913,0,0,30000,0,0,,CK489,MCAMS,MCAMS,ATS,AAG460.1052019
14551,MODIFY,78415794,78415782,2619383298,M57509,7552,ＸＩ二南方恒科,A,E,30000,1.222,C,2025-10-21 11:34:06.707,0,0,30000,0,0,,CK489,MCAMS,MCAMS,192.168.15.2,AAG460.1052019
14700,INPUT,78415946,78415946,2645463810,M57509,7552,ＸＩ二南方恒科,A,E,30000,1.216,F,2025-10-21 11:37:48.190,1.216,30000,0,0,0,,CK489,MCAMS,MCAMS,ATS,AAG460.1052019
14713,INPUT,78415959,78415959,2648685826,M57509,7552,ＸＩ二南方恒科,A,E,30000,1.214,F,2025-10-21 11:38:12.543,1.214,30000,0,0,0,,CK489,MCAMS,MCAMS,ATS,AAG460.1052019
14747,MODIFY,78415992,78414301,2653959682,M57509,7552,ＸＩ二南方恒科,A,E,50000,1.216,F,2025-10-21 11:39:05.667,1.216,50000,0,0,0,,CK489,MCAMS,MCAMS,192.168.15.2,AAG460.1052019
14875,MODIFY,78416124,78415782,2684580098,M57509,7552,ＸＩ二南方恒科,A,E,30000,1.214,F,2025-10-21 11:43:21.310,1.214,30000,0,0,0,,CK489,MCAMS,MCAMS,192.168.15.2,AAG460.1052019
14923,INPUT,78416172,78416172,2697196546,M57509,7552,ＸＩ二南方恒科,A,E,10000,1.216,F,2025-10-21 11:45:09.650,1.216,10000,0,0,0,,CK489,MCAMS,MCAMS,ATS,AAG460.1052019
15044,INPUT,78416294,78416294,2873003779,M57509,966,中國太平,B,E,10000,17.43,F,2025-10-21 11:48:53.030,17.43,10000,0,0,0,,CK489,MCAMS,MCAMS,ATS,AAG460.1052019
15560,INPUT,78416640,78416640,2802187009,M57509,357,美蘭空港,B,E,4000,10.88,F,2025-10-21 13:00:04.000,10.87,4000,0,0,0,,CK489,MCAMS,MCAMS,ATS,AAG460.1052019
17152,INPUT,78418250,78418250,3560195587,M57509,7500,ＦＩ二南方恒指,B,E,50000,1.79,F,2025-10-21 13:43:19.713,1.79,50000,0,0,0,,CK489,MCAMS,MCAMS,ATS,AAG460.1052019
17592,CANCEL,78418694,78412727,1731145218,M58821,13911,騰訊摩通六乙沽A,B,E,0,0.036,C,2025-10-21 13:55:11.980,0,0,50000,0,0,,CK489,MCAMS,MCAMS,192.168.15.2,NULL
17652,INPUT,78418756,78418756,3558084866,M58821,13911,騰訊摩通六乙沽A,B,E,50000,0.039,F,2025-10-21 13:57:22.183,0.039,50000,0,0,0,,CK489,MCAMS,MCAMS,ATS,AAG460.1012895
17793,INPUT,78418897,78418897,3784017923,M57509,7500,ＦＩ二南方恒指,A,E,50000,1.786,F,2025-10-21 14:01:47.960,1.786,50000,0,0,0,,CK489,MCAMS,MCAMS,ATS,AAG460.1052019
17849,INPUT,78418953,78418953,3666579457,M57509,9988,阿里巴巴－Ｗ,B,E,100,166.8,F,2025-10-21 14:03:05.677,166.8,100,0,0,0,,CK489,MCAMS,MCAMS,ATS,AAG460.1052019
17956,INPUT,78419061,78419061,3707122177,M57509,9988,阿里巴巴－Ｗ,B,E,100,166.8,F,2025-10-21 14:06:32.790,166.8,100,0,0,0,,CK489,MCAMS,MCAMS,ATS,AAG460.1052019
17993,INPUT,78419098,78419098,3855097603,M57509,981,中芯國際,B,E,500,75.75,C,2025-10-21 14:07:53.387,0,0,500,0,0,,CK489,MCAMS,MCAMS,ATS,AAG460.1052019
18014,MODIFY,78419119,78419098,3861651715,M57509,981,中芯國際,B,E,500,75.8,F,2025-10-21 14:08:29.810,75.8,500,0,0,0,,CK489,MCAMS,MCAMS,192.168.15.2,AAG460.1052019
18417,MODIFY,78419525,78410788,3896141313,P821331,9988,阿里巴巴－Ｗ,A,E,400,166.6,F,2025-10-21 14:25:18.250,166.6,400,0,0,0,,CK489,CK489,SATS,192.168.3.66,AAG460.1001276
18459,INPUT,78419568,78419568,4045142019,P821331,9992,泡泡瑪特,B,E,200,252.6,C,2025-10-21 14:27:00.060,0,0,200,0,0,,CK489,CK489,SATS,192.168.3.66,AAG460.1001276
18463,MODIFY,78419572,78419568,4046775811,P821331,9992,泡泡瑪特,B,E,200,252.8,F,2025-10-21 14:27:09.907,252.8,200,0,0,0,,CK489,CK489,SATS,192.168.3.66,AAG460.1001276
18541,INPUT,78419650,78419650,3948361217,M57509,9988,阿里巴巴－Ｗ,A,E,200,166.3,F,2025-10-21 14:30:41.910,166.3,200,0,0,0,,CK489,MCAMS,MCAMS,ATS,AAG460.1052019
19045,INPUT,78420170,78420170,4254808579,M57509,981,中芯國際,A,E,500,75.15,F,2025-10-21 14:48:36.280,75.15,500,0,0,0,,CK489,MCAMS,MCAMS,ATS,AAG460.1052019
19147,INPUT,78420274,78420274,4122609154,M57509,700,騰訊控股,B,E,100,633.5,F,2025-10-21 14:52:21.163,633.5,100,0,0,0,,CK489,MCAMS,MCAMS,ATS,AAG460.1052019
19387,INPUT,78420515,78420515,4239424257,M57509,357,美蘭空港,A,E,4000,10.78,F,2025-10-21 15:01:50.870,10.78,4000,0,0,0,,CK489,MCAMS,MCAMS,ATS,AAG460.1052019
19890,INPUT,78421022,78421022,4568668931,M57509,7299,ＦＬ二南方黃金,B,E,800,27.16,F,2025-10-21 15:16:24.153,27.16,800,0,0,0,,CK489,MCAMS,MCAMS,ATS,AAG460.1052019
20660,INPUT,78421803,78421803,4846039299,M57509,2628,中國人壽,B,E,2000,24.9,F,2025-10-21 15:40:27.207,24.9,2000,0,0,0,,CK489,MCAMS,MCAMS,ATS,AAG460.1052019
20737,INPUT,78421881,78421881,4869914627,M57509,966,中國太平,A,E,4000,17.22,F,2025-10-21 15:42:37.890,17.22,4000,0,0,0,,CK489,MCAMS,MCAMS,ATS,AAG460.1052019
20978,INPUT,78422125,78422125,4931749635,M57509,2628,中國人壽,B,E,2000,24.92,F,2025-10-21 15:48:45.710,24.92,2000,0,0,0,,CK489,MCAMS,MCAMS,ATS,AAG460.1052019
21008,INPUT,78422155,78422155,4939241475,M57509,966,中國太平,A,E,4000,17.22,F,2025-10-21 15:49:36.157,17.22,4000,0,0,0,,CK489,MCAMS,MCAMS,ATS,AAG460.1052019
21564,INPUT,78422726,78422726,4823066882,M57509,700,騰訊控股,A,E,100,632,O,2025-10-21 15:59:50.220,0,0,0,0,100,,CK489,MCAMS,MCAMS,ATS,AAG460.1052019
21803,INPUT,78422965,78422965,5038501123,M57509,966,中國太平,A,A,2000,0,F,2025-10-21 16:05:46.090,17.2,2000,0,0,0,,CK489,MCAMS,MCAMS,ATS,AAG460.1052019
